STATE,STATENAME,ST_CASE,PEDS,PERNOTMVIT,VE_TOTAL,VE_FORMS,PVH_INVL,PERSONS,PERMVIT,COUNTY,COUNTYNAME,CITY,CITYNAME,MONTH,MONTHNAME,DAY,DAYNAME,DAY_WEEK,DAY_WEEKNAME,YEAR,HOUR,HOURNAME,MINUTE,MINUTENAME,TWAY_ID,TWAY_ID2,ROUTE,ROUTENAME,RUR_URB,RUR_URBNAME,FUNC_SYS,FUNC_SYSNAME,RD_OWNER,RD_OWNERNAME,NHS,NHSNAME,SP_JUR,SP_JURNAME,MILEPT,MILEPTNAME,LATITUDE,LATITUDENAME,LONGITUD,LONGITUDNAME,HARM_EV,HARM_EVNAME,MAN_COLL,MAN_COLLNAME,RELJCT1,RELJCT1NAME,RELJCT2,RELJCT2NAME,TYP_INT,TYP_INTNAME,REL_ROAD,REL_ROADNAME,WRK_ZONE,WRK_ZONENAME,LGT_COND,LGT_CONDNAME,WEATHER,WEATHERNAME,SCH_BUS,SCH_BUSNAME,RAIL,RAILNAME,NOT_HOUR,NOT_HOURNAME,NOT_MIN,NOT_MINNAME,ARR_HOUR,ARR_HOURNAME,ARR_MIN,ARR_MINNAME,HOSP_HR,HOSP_HRNAME,HOSP_MN,HOSP_MNNAME,FATALS
1,Alabama,10076,0,0,2,2,0,4,4,69,HOUSTON (69),930,DOTHAN,2,February,12,12,7,Saturday,2022,1,1:00am-1:59am,15,15,US- SR-1,NA,2,US Highway,2,Urban,3,Principal Arterial - Other,1,State Highway Agency,1,This section IS ON the NHS,0,No Special Jurisdiction,0,None,31.16331389,31.16331389,-85.402075,-85.402075,1,Rollover/Overturn,0,The First Harmful Event was Not a Collision with a Motor Vehicle in Transport,0,No,1,Non-Junction,1,Not an Intersection,3,On Median,0,None,2,Dark - Not Lighted,1,Clear,0,No,0000000,Not Applicable,1,1:00am-1:59am,19,19,1,1:00am-1:59am,29,29,1,1:00am-1:59am,42,42,1
1,Alabama,10077,1,1,1,1,0,1,1,101,MONTGOMERY (101),2130,MONTGOMERY,2,February,12,12,7,Saturday,2022,18,6:00pm-6:59pm,6,6,US-80 SR-1 W SOUTH BLVD,NA,2,US Highway,2,Urban,3,Principal Arterial - Other,1,State Highway Agency,1,This section IS ON the NHS,0,No Special Jurisdiction,0,None,32.32766389,32.32766389,-86.33686944,-86.33686944,8,Pedestrian,0,The First Harmful Event was Not a Collision with a Motor Vehicle in Transport,0,No,1,Non-Junction,1,Not an Intersection,1,On Roadway,0,None,3,Dark - Lighted,1,Clear,0,No,0000000,Not Applicable,18,6:00pm-6:59pm,7,7,18,6:00pm-6:59pm,14,14,88,Not Applicable (Not Transported),88,Not Applicable (Not Transported),1
1,Alabama,10078,0,0,1,1,0,1,1,21,CHILTON (21),0,NOT APPLICABLE,2,February,13,13,1,Sunday,2022,3,3:00am-3:59am,6,6,SR-22,NA,3,State Highway,1,Rural,4,Minor Arterial,1,State Highway Agency,0,This section IS NOT on the NHS,0,No Special Jurisdiction,479,479,32.73781111,32.73781111,-86.89875278,-86.89875278,30,Utility Pole/Light Support,0,The First Harmful Event was Not a Collision with a Motor Vehicle in Transport,0,No,1,Non-Junction,1,Not an Intersection,4,On Roadside,0,None,2,Dark - Not Lighted,1,Clear,0,No,0000000,Not Applicable,99,Unknown,99,Unknown,99,Unknown EMS Scene Arrival Hour,99,Unknown EMS Scene Arrival Minutes,88,Not Applicable (Not Transported),88,Not Applicable (Not Transported),1
1,Alabama,10079,0,0,1,1,0,1,1,89,MADISON (89),1730,HUNTSVILLE,2,February,13,13,1,Sunday,2022,99,Unknown Hours,99,Unknown Minutes,HOBBS ISLAND RD SE,NA,6,Local Street - Municipality,2,Urban,4,Minor Arterial,4,City or Municipal Highway Agency,0,This section IS NOT on the NHS,0,No Special Jurisdiction,0,None,34.56522778,34.56522778,-86.54702222,-86.54702222,59,Traffic Sign Support,0,The First Harmful Event was Not a Collision with a Motor Vehicle in Transport,0,No,1,Non-Junction,1,Not an Intersection,4,On Roadside,1,Construction,2,Dark - Not Lighted,10,Cloudy,0,No,0000000,Not Applicable,21,9:00pm-9:59pm,19,19,21,9:00pm-9:59pm,37,37,88,Not Applicable (Not Transported),88,Not Applicable (Not Transported),1
1,Alabama,10080,0,0,3,3,0,3,3,43,CULLMAN (43),0,NOT APPLICABLE,2,February,14,14,2,Monday,2022,7,7:00am-7:59am,35,35,US-31 SR-3,NA,2,US Highway,1,Rural,4,Minor Arterial,1,State Highway Agency,0,This section IS NOT on the NHS,0,No Special Jurisdiction,3342,3342,34.28983889,34.28983889,-86.89776111,-86.89776111,12,Motor Vehicle In-Transport,8,Sideswipe - Opposite Direction,0,No,1,Non-Junction,1,Not an Intersection,1,On Roadway,0,None,1,Daylight,1,Clear,0,No,0000000,Not Applicable,7,7:00am-7:59am,32,32,7,7:00am-7:59am,46,46,88,Not Applicable (Not Transported),88,Not Applicable (Not Transported),2
1,Alabama,10081,0,0,5,5,0,8,8,81,LEE (81),200,AUBURN,2,February,14,14,2,Monday,2022,13,1:00pm-1:59pm,18,18,I-85,NA,1,Interstate,2,Urban,1,Interstate,1,State Highway Agency,1,This section IS ON the NHS,0,No Special Jurisdiction,520,520,32.56503056,32.56503056,-85.49421111,-85.49421111,12,Motor Vehicle In-Transport,1,Front-to-Rear,0,No,1,Non-Junction,1,Not an Intersection,1,On Roadway,2,Maintenance,1,Daylight,1,Clear,0,No,0000000,Not Applicable,13,1:00pm-1:59pm,18,18,13,1:00pm-1:59pm,36,36,99,Unknown,99,Unknown EMS Hospital Arrival Time,1
1,Alabama,10082,0,0,3,3,0,4,4,85,LOWNDES (85),0,NOT APPLICABLE,2,February,14,14,2,Monday,2022,17,5:00pm-5:59pm,7,7,I-65,NA,1,Interstate,1,Rural,1,Interstate,1,State Highway Agency,1,This section IS ON the NHS,0,No Special Jurisdiction,1577,1577,32.19472778,32.19472778,-86.41760278,-86.41760278,12,Motor Vehicle In-Transport,1,Front-to-Rear,0,No,1,Non-Junction,1,Not an Intersection,1,On Roadway,0,None,1,Daylight,1,Clear,0,No,0000000,Not Applicable,17,5:00pm-5:59pm,7,7,17,5:00pm-5:59pm,20,20,99,Unknown,99,Unknown EMS Hospital Arrival Time,1
1,Alabama,10083,0,0,2,2,0,4,4,69,HOUSTON (69),0,NOT APPLICABLE,2,February,16,16,4,Wednesday,2022,19,7:00pm-7:59pm,46,46,US-431 SR-1,NA,2,US Highway,1,Rural,1,Interstate,1,State Highway Agency,1,This section IS ON the NHS,0,No Special Jurisdiction,215,215,31.30443056,31.30443056,-85.35571667,-85.35571667,12,Motor Vehicle In-Transport,1,Front-to-Rear,0,No,1,Non-Junction,1,Not an Intersection,1,On Roadway,0,None,2,Dark - Not Lighted,1,Clear,0,No,0000000,Not Applicable,20,8:00pm-8:59pm,4,4,20,8:00pm-8:59pm,14,14,20,8:00pm-8:59pm,36,36,1
1,Alabama,10084,0,0,1,1,0,1,1,55,ETOWAH (55),0,NOT APPLICABLE,2,February,16,16,4,Wednesday,2022,17,5:00pm-5:59pm,55,55,US-431 SR-1,NA,2,US Highway,1,Rural,3,Principal Arterial - Other,1,State Highway Agency,1,This section IS ON the NHS,0,No Special Jurisdiction,2713,2713,34.07614444,34.07614444,-86.12198611,-86.12198611,42,Tree (Standing Only),0,The First Harmful Event was Not a Collision with a Motor Vehicle in Transport,0,No,1,Non-Junction,1,Not an Intersection,4,On Roadside,0,None,2,Dark - Not Lighted,1,Clear,0,No,0000000,Not Applicable,99,Unknown,99,Unknown,99,Unknown EMS Scene Arrival Hour,99,Unknown EMS Scene Arrival Minutes,88,Not Applicable (Not Transported),88,Not Applicable (Not Transported),1
1,Alabama,10085,0,0,2,2,0,2,2,83,LIMESTONE (83),0,NOT APPLICABLE,2,February,16,16,4,Wednesday,2022,14,2:00pm-2:59pm,19,19,SR-251,NA,3,State Highway,1,Rural,4,Minor Arterial,1,State Highway Agency,0,This section IS NOT on the NHS,0,No Special Jurisdiction,101,101,34.89972222,34.89972222,-86.81962222,-86.81962222,12,Motor Vehicle In-Transport,2,Front-to-Front,0,No,1,Non-Junction,1,Not an Intersection,1,On Roadway,0,None,1,Daylight,1,Clear,0,No,0000000,Not Applicable,14,2:00pm-2:59pm,19,19,14,2:00pm-2:59pm,25,25,99,Unknown,99,Unknown EMS Hospital Arrival Time,1
1,Alabama,10086,1,1,1,1,0,2,2,83,LIMESTONE (83),9997,Other,2,February,15,15,3,Tuesday,2022,20,8:00pm-8:59pm,28,28,I-565,NA,1,Interstate,1,Rural,1,Interstate,1,State Highway Agency,1,This section IS ON the NHS,0,No Special Jurisdiction,30,30,34.64304444,34.64304444,-86.83889444,-86.83889444,8,Pedestrian,0,The First Harmful Event was Not a Collision with a Motor Vehicle in Transport,0,No,1,Non-Junction,1,Not an Intersection,1,On Roadway,0,None,3,Dark - Lighted,1,Clear,0,No,0000000,Not Applicable,20,8:00pm-8:59pm,28,28,20,8:00pm-8:59pm,38,38,88,Not Applicable (Not Transported),88,Not Applicable (Not Transported),1
1,Alabama,10087,1,1,2,2,0,1,1,103,MORGAN (103),2545,PRICEVILLE,2,February,15,15,3,Tuesday,2022,6,6:00am-6:59am,9,9,SR-67,NA,3,State Highway,2,Urban,3,Principal Arterial - Other,1,State Highway Agency,1,This section IS ON the NHS,0,No Special Jurisdiction,330,330,34.49550833,34.49550833,-86.84614444,-86.84614444,12,Motor Vehicle In-Transport,6,Angle,0,No,8,Driveway Access Related,1,Not an Intersection,1,On Roadway,0,None,4,Dawn,1,Clear,0,No,0000000,Not Applicable,6,6:00am-6:59am,9,9,6,6:00am-6:59am,12,12,99,Unknown,99,Unknown EMS Hospital Arrival Time,1
1,Alabama,10088,1,2,2,1,1,2,1,103,MORGAN (103),890,DECATUR,2,February,15,15,3,Tuesday,2022,14,2:00pm-2:59pm,41,41,I-65,NA,1,Interstate,2,Urban,3,Principal Arterial - Other,1,State Highway Agency,1,This section IS ON the NHS,0,No Special Jurisdiction,3360,3360,34.56833056,34.56833056,-86.91113333,-86.91113333,8,Pedestrian,0,The First Harmful Event was Not a Collision with a Motor Vehicle in Transport,0,No,1,Non-Junction,1,Not an Intersection,2,On Shoulder,0,None,1,Daylight,1,Clear,0,No,0000000,Not Applicable,99,Unknown,99,Unknown,99,Unknown EMS Scene Arrival Hour,99,Unknown EMS Scene Arrival Minutes,88,Not Applicable (Not Transported),88,Not Applicable (Not Transported),1
1,Alabama,10089,0,0,2,2,0,2,2,79,LAWRENCE (79),0,NOT APPLICABLE,2,February,16,16,4,Wednesday,2022,10,10:00am-10:59am,50,50,SR-20,CR-400,3,State Highway,1,Rural,3,Principal Arterial - Other,1,State Highway Agency,1,This section IS ON the NHS,0,No Special Jurisdiction,576,576,34.64899167,34.64899167,-87.16828611,-87.16828611,12,Motor Vehicle In-Transport,6,Angle,0,No,2,Intersection,2,Four-Way Intersection,1,On Roadway,0,None,1,Daylight,1,Clear,0,No,0000000,Not Applicable,99,Unknown,99,Unknown,11,11:00am-11:59am,5,5,88,Not Applicable (Not Transported),88,Not Applicable (Not Transported),1
1,Alabama,10090,0,0,2,2,0,4,4,125,TUSCALOOSA (125),0,NOT APPLICABLE,2,February,17,17,5,Thursday,2022,13,1:00pm-1:59pm,45,45,US-11 SR-7,NA,2,US Highway,1,Rural,5,Major Collector,1,State Highway Agency,0,This section IS NOT on the NHS,0,No Special Jurisdiction,694,694,33.12255278,33.12255278,-87.65813056,-87.65813056,12,Motor Vehicle In-Transport,2,Front-to-Front,0,No,1,Non-Junction,1,Not an Intersection,1,On Roadway,0,None,1,Daylight,1,Clear,0,No,0000000,Not Applicable,13,1:00pm-1:59pm,45,45,13,1:00pm-1:59pm,50,50,99,Unknown,99,Unknown EMS Hospital Arrival Time,1
1,Alabama,10091,1,1,1,1,0,1,1,97,MOBILE (97),0,NOT APPLICABLE,2,February,17,17,5,Thursday,2022,18,6:00pm-6:59pm,30,30,CR-MCDONALD RD,NA,4,County Road,2,Urban,4,Minor Arterial,2,County Highway Agency,0,This section IS NOT on the NHS,0,No Special Jurisdiction,0,None,30.49632222,30.49632222,-88.21703611,-88.21703611,8,Pedestrian,0,The First Harmful Event was Not a Collision with a Motor Vehicle in Transport,0,No,1,Non-Junction,1,Not an Intersection,1,On Roadway,0,None,2,Dark - Not Lighted,10,Cloudy,0,No,0000000,Not Applicable,99,Unknown,99,Unknown,99,Unknown EMS Scene Arrival Hour,99,Unknown EMS Scene Arrival Minutes,99,Unknown,99,Unknown EMS Hospital Arrival Time,1
1,Alabama,10092,0,0,2,2,0,2,2,81,LEE (81),0,NOT APPLICABLE,2,February,18,18,6,Friday,2022,6,6:00am-6:59am,11,11,US-80 SR-8,NA,2,US Highway,1,Rural,3,Principal Arterial - Other,1,State Highway Agency,1,This section IS ON the NHS,0,No Special Jurisdiction,1928,1928,32.43865278,32.43865278,-85.37714444,-85.37714444,12,Motor Vehicle In-Transport,2,Front-to-Front,0,No,1,Non-Junction,1,Not an Intersection,1,On Roadway,0,None,4,Dawn,10,Cloudy,0,No,0000000,Not Applicable,6,6:00am-6:59am,11,11,6,6:00am-6:59am,21,21,99,Unknown,99,Unknown EMS Hospital Arrival Time,1
1,Alabama,10093,0,0,2,2,0,2,2,77,LAUDERDALE (77),0,NOT APPLICABLE,2,February,18,18,6,Friday,2022,10,10:00am-10:59am,3,3,US-43 SR-13,NA,2,US Highway,1,Rural,3,Principal Arterial - Other,1,State Highway Agency,0,This section IS NOT on the NHS,0,No Special Jurisdiction,3287,3287,34.90004444,34.90004444,-87.53178056,-87.53178056,12,Motor Vehicle In-Transport,1,Front-to-Rear,0,No,1,Non-Junction,1,Not an Intersection,1,On Roadway,0,None,1,Daylight,1,Clear,0,No,0000000,Not Applicable,10,10:00am-10:59am,3,3,10,10:00am-10:59am,10,10,99,Unknown,99,Unknown EMS Hospital Arrival Time,1
1,Alabama,10094,1,1,1,1,0,3,3,73,JEFFERSON (73),350,BIRMINGHAM,2,February,18,18,6,Friday,2022,10,10:00am-10:59am,22,22,FIVE MILE RD,ELIZABETH DR,6,Local Street - Municipality,2,Urban,4,Minor Arterial,4,City or Municipal Highway Agency,0,This section IS NOT on the NHS,0,No Special Jurisdiction,0,None,33.60484722,33.60484722,-86.70023333,-86.70023333,15,Non-Motorist on Personal Conveyance,0,The First Harmful Event was Not a Collision with a Motor Vehicle in Transport,0,No,2,Intersection,3,T-Intersection,1,On Roadway,0,None,1,Daylight,10,Cloudy,0,No,0000000,Not Applicable,10,10:00am-10:59am,22,22,10,10:00am-10:59am,30,30,99,Unknown,99,Unknown EMS Hospital Arrival Time,1
1,Alabama,10095,0,0,1,1,0,1,1,47,DALLAS (47),0,NOT APPLICABLE,2,February,19,19,7,Saturday,2022,21,9:00pm-9:59pm,30,30,SR-219,NA,3,State Highway,2,Urban,4,Minor Arterial,1,State Highway Agency,0,This section IS NOT on the NHS,0,No Special Jurisdiction,18,18,32.40913056,32.40913056,-87.08306944,-87.08306944,32,Culvert,0,The First Harmful Event was Not a Collision with a Motor Vehicle in Transport,0,No,1,Non-Junction,1,Not an Intersection,4,On Roadside,0,None,2,Dark - Not Lighted,1,Clear,0,No,0000000,Not Applicable,21,9:00pm-9:59pm,30,30,21,9:00pm-9:59pm,58,58,99,Unknown,99,Unknown EMS Hospital Arrival Time,1
1,Alabama,10096,0,0,1,1,0,1,1,115,ST. CLAIR (115),0,NOT APPLICABLE,2,February,20,20,1,Sunday,2022,6,6:00am-6:59am,18,18,I-20,NA,1,Interstate,2,Urban,1,Interstate,1,State Highway Agency,1,This section IS ON the NHS,0,No Special Jurisdiction,1431,1431,33.56252222,33.56252222,-86.54143056,-86.54143056,52,Guardrail End,0,The First Harmful Event was Not a Collision with a Motor Vehicle in Transport,0,No,1,Non-Junction,1,Not an Intersection,4,On Roadside,0,None,1,Daylight,1,Clear,0,No,0000000,Not Applicable,99,Unknown,99,Unknown,99,Unknown EMS Scene Arrival Hour,99,Unknown EMS Scene Arrival Minutes,88,Not Applicable (Not Transported),88,Not Applicable (Not Transported),1
1,Alabama,10097,0,0,1,1,0,3,3,101,MONTGOMERY (101),0,NOT APPLICABLE,2,February,20,20,1,Sunday,2022,17,5:00pm-5:59pm,8,8,CR-WARES FERRY RD,NA,4,County Road,2,Urban,4,Minor Arterial,2,County Highway Agency,0,This section IS NOT on the NHS,0,No Special Jurisdiction,0,None,32.39820833,32.39820833,-86.107825,-86.107825,30,Utility Pole/Light Support,0,The First Harmful Event was Not a Collision with a Motor Vehicle in Transport,0,No,1,Non-Junction,1,Not an Intersection,4,On Roadside,0,None,1,Daylight,1,Clear,0,No,0000000,Not Applicable,17,5:00pm-5:59pm,8,8,17,5:00pm-5:59pm,40,40,99,Unknown,99,Unknown EMS Hospital Arrival Time,1
1,Alabama,10098,0,0,1,1,0,1,1,51,ELMORE (51),2940,TALLASSEE,2,February,21,21,2,Monday,2022,9,9:00am-9:59am,58,58,SR-229,NA,3,State Highway,1,Rural,4,Minor Arterial,1,State Highway Agency,0,This section IS NOT on the NHS,0,No Special Jurisdiction,107,107,32.58481111,32.58481111,-85.93976389,-85.93976389,35,Embankment,0,The First Harmful Event was Not a Collision with a Motor Vehicle in Transport,0,No,1,Non-Junction,1,Not an Intersection,4,On Roadside,0,None,1,Daylight,2,Rain,0,No,0000000,Not Applicable,99,Unknown,99,Unknown,10,10:00am-10:59am,23,23,99,Unknown,99,Unknown EMS Hospital Arrival Time,1
1,Alabama,10099,0,0,2,2,0,2,2,107,PICKENS (107),0,NOT APPLICABLE,2,February,21,21,2,Monday,2022,10,10:00am-10:59am,10,10,SR-17,NA,3,State Highway,1,Rural,4,Minor Arterial,1,State Highway Agency,0,This section IS NOT on the NHS,0,No Special Jurisdiction,1970,1970,33.2217,33.2217,-88.09652778,-88.09652778,12,Motor Vehicle In-Transport,2,Front-to-Front,0,No,1,Non-Junction,1,Not an Intersection,1,On Roadway,0,None,1,Daylight,2,Rain,0,No,0000000,Not Applicable,10,10:00am-10:59am,10,10,10,10:00am-10:59am,39,39,99,Unknown,99,Unknown EMS Hospital Arrival Time,1
1,Alabama,10100,0,0,1,1,0,3,3,49,DEKALB (49),0,NOT APPLICABLE,2,February,21,21,2,Monday,2022,16,4:00pm-4:59pm,10,10,I-59,NA,1,Interstate,1,Rural,1,Interstate,1,State Highway Agency,1,This section IS ON the NHS,0,No Special Jurisdiction,2053,2053,34.27925833,34.27925833,-85.87705833,-85.87705833,42,Tree (Standing Only),0,The First Harmful Event was Not a Collision with a Motor Vehicle in Transport,0,No,1,Non-Junction,1,Not an Intersection,4,On Roadside,0,None,1,Daylight,2,Rain,0,No,0000000,Not Applicable,16,4:00pm-4:59pm,10,10,16,4:00pm-4:59pm,25,25,99,Unknown,99,Unknown EMS Hospital Arrival Time,2
1,Alabama,10101,1,1,2,2,0,3,3,15,CALHOUN (15),0,NOT APPLICABLE,2,February,21,21,2,Monday,2022,20,8:00pm-8:59pm,29,29,US-431 SR-1,SR-144,2,US Highway,1,Rural,3,Principal Arterial - Other,1,State Highway Agency,1,This section IS ON the NHS,0,No Special Jurisdiction,2403,2403,33.78220278,33.78220278,-85.89652222,-85.89652222,8,Pedestrian,0,The First Harmful Event was Not a Collision with a Motor Vehicle in Transport,0,No,3,Intersection-Related,2,Four-Way Intersection,1,On Roadway,0,None,3,Dark - Lighted,2,Rain,0,No,0000000,Not Applicable,20,8:00pm-8:59pm,29,29,20,8:00pm-8:59pm,40,40,88,Not Applicable (Not Transported),88,Not Applicable (Not Transported),1
1,Alabama,10102,0,0,2,2,0,2,2,97,MOBILE (97),2713,SARALAND,2,February,22,22,3,Tuesday,2022,5,5:00am-5:59am,45,45,CELESTE RD,NA,6,Local Street - Municipality,1,Rural,7,Local,4,City or Municipal Highway Agency,0,This section IS NOT on the NHS,0,No Special Jurisdiction,0,None,30.89233056,30.89233056,-88.12446111,-88.12446111,12,Motor Vehicle In-Transport,6,Angle,0,No,8,Driveway Access Related,1,Not an Intersection,1,On Roadway,0,None,4,Dawn,10,Cloudy,0,No,0000000,Not Applicable,5,5:00am-5:59am,45,45,5,5:00am-5:59am,50,50,88,Not Applicable (Not Transported),88,Not Applicable (Not Transported),1
1,Alabama,10103,0,0,1,1,0,1,1,55,ETOWAH (55),2562,RAINBOW CITY,2,February,23,23,4,Wednesday,2022,22,10:00pm-10:59pm,21,21,EAST GRAND AVE sr-77,NA,6,Local Street - Municipality,2,Urban,3,Principal Arterial - Other,1,State Highway Agency,1,This section IS ON the NHS,0,No Special Jurisdiction,0,None,33.94503056,33.94503056,-86.02791111,-86.02791111,35,Embankment,0,The First Harmful Event was Not a Collision with a Motor Vehicle in Transport,0,No,1,Non-Junction,1,Not an Intersection,4,On Roadside,0,None,6,Dark - Unknown Lighting,1,Clear,0,No,0000000,Not Applicable,22,10:00pm-10:59pm,21,21,22,10:00pm-10:59pm,25,25,99,Unknown,99,Unknown EMS Hospital Arrival Time,1
1,Alabama,10104,0,0,2,2,0,2,2,3,BALDWIN (3),0,NOT APPLICABLE,2,February,24,24,5,Thursday,2022,0,0:00am-0:59am,24,24,US-90 SR-16,NA,2,US Highway,2,Urban,4,Minor Arterial,1,State Highway Agency,0,This section IS NOT on the NHS,0,No Special Jurisdiction,532,532,30.63296389,30.63296389,-87.78659444,-87.78659444,12,Motor Vehicle In-Transport,1,Front-to-Rear,0,No,1,Non-Junction,1,Not an Intersection,1,On Roadway,0,None,2,Dark - Not Lighted,1,Clear,0,No,0000000,Not Applicable,0,0:00am-0:59am,24,24,0,0:00am-0:59am,36,36,99,Unknown,99,Unknown EMS Hospital Arrival Time,1
1,Alabama,10105,0,0,2,2,0,8,8,69,HOUSTON (69),930,DOTHAN,2,February,24,24,5,Thursday,2022,8,8:00am-8:59am,46,46,FLYNN RD,REDMOND RD,6,Local Street - Municipality,2,Urban,4,Minor Arterial,4,City or Municipal Highway Agency,0,This section IS NOT on the NHS,0,No Special Jurisdiction,0,None,31.272075,31.272075,-85.43224167,-85.43224167,12,Motor Vehicle In-Transport,6,Angle,0,No,2,Intersection,2,Four-Way Intersection,1,On Roadway,0,None,1,Daylight,10,Cloudy,0,No,0000000,Not Applicable,8,8:00am-8:59am,46,46,8,8:00am-8:59am,53,53,99,Unknown,99,Unknown EMS Hospital Arrival Time,1
1,Alabama,10106,0,0,2,2,0,2,2,15,CALHOUN (15),2370,OXFORD,2,February,24,24,5,Thursday,2022,14,2:00pm-2:59pm,20,20,SR-202,NA,3,State Highway,2,Urban,4,Minor Arterial,1,State Highway Agency,0,This section IS NOT on the NHS,0,No Special Jurisdiction,20,20,33.61908056,33.61908056,-85.92467778,-85.92467778,12,Motor Vehicle In-Transport,1,Front-to-Rear,0,No,1,Non-Junction,1,Not an Intersection,1,On Roadway,0,None,1,Daylight,1,Clear,0,No,0000000,Not Applicable,14,2:00pm-2:59pm,20,20,14,2:00pm-2:59pm,28,28,99,Unknown,99,Unknown EMS Hospital Arrival Time,1
1,Alabama,10107,0,0,2,2,0,2,2,77,LAUDERDALE (77),0,NOT APPLICABLE,2,February,24,24,5,Thursday,2022,18,6:00pm-6:59pm,0,0,CR-47,NA,4,County Road,1,Rural,5,Major Collector,2,County Highway Agency,0,This section IS NOT on the NHS,0,No Special Jurisdiction,0,None,34.88615556,34.88615556,-87.61361389,-87.61361389,12,Motor Vehicle In-Transport,1,Front-to-Rear,0,No,1,Non-Junction,1,Not an Intersection,1,On Roadway,0,None,5,Dusk,10,Cloudy,0,No,0000000,Not Applicable,99,Unknown,99,Unknown,19,7:00pm-7:59pm,0,0,99,Unknown,99,Unknown EMS Hospital Arrival Time,1
1,Alabama,10108,0,0,1,1,0,1,1,49,DEKALB (49),0,NOT APPLICABLE,2,February,24,24,5,Thursday,2022,19,7:00pm-7:59pm,55,55,CR-3,NA,4,County Road,1,Rural,6,Minor Collector,2,County Highway Agency,0,This section IS NOT on the NHS,0,No Special Jurisdiction,0,None,34.3388,34.3388,-86.08115,-86.08115,35,Embankment,0,The First Harmful Event was Not a Collision with a Motor Vehicle in Transport,0,No,1,Non-Junction,1,Not an Intersection,4,On Roadside,0,None,2,Dark - Not Lighted,10,Cloudy,0,No,0000000,Not Applicable,99,Unknown,99,Unknown,20,8:00pm-8:59pm,25,25,88,Not Applicable (Not Transported),88,Not Applicable (Not Transported),1
1,Alabama,10109,0,0,1,1,0,1,1,43,CULLMAN (43),0,NOT APPLICABLE,2,February,24,24,5,Thursday,2022,20,8:00pm-8:59pm,40,40,CR-437,NA,4,County Road,1,Rural,5,Major Collector,2,County Highway Agency,0,This section IS NOT on the NHS,0,No Special Jurisdiction,0,None,34.06514722,34.06514722,-86.92141667,-86.92141667,34,Ditch,0,The First Harmful Event was Not a Collision with a Motor Vehicle in Transport,0,No,1,Non-Junction,1,Not an Intersection,4,On Roadside,0,None,2,Dark - Not Lighted,10,Cloudy,0,No,0000000,Not Applicable,20,8:00pm-8:59pm,40,40,20,8:00pm-8:59pm,56,56,88,Not Applicable (Not Transported),88,Not Applicable (Not Transported),1
1,Alabama,10110,1,1,1,1,0,1,1,85,LOWNDES (85),0,NOT APPLICABLE,2,February,25,25,6,Friday,2022,21,9:00pm-9:59pm,10,10,I-65,NA,1,Interstate,1,Rural,1,Interstate,1,State Highway Agency,1,This section IS ON the NHS,0,No Special Jurisdiction,1432,1432,32.0065,32.0065,-86.52220278,-86.52220278,8,Pedestrian,0,The First Harmful Event was Not a Collision with a Motor Vehicle in Transport,0,No,1,Non-Junction,1,Not an Intersection,1,On Roadway,0,None,2,Dark - Not Lighted,1,Clear,0,No,0000000,Not Applicable,99,Unknown,99,Unknown,99,Unknown EMS Scene Arrival Hour,99,Unknown EMS Scene Arrival Minutes,99,Unknown,99,Unknown EMS Hospital Arrival Time,1
1,Alabama,10111,0,0,2,2,0,3,3,103,MORGAN (103),0,NOT APPLICABLE,2,February,25,25,6,Friday,2022,23,11:00pm-11:59pm,15,15,I-65,NA,1,Interstate,2,Urban,1,Interstate,1,State Highway Agency,1,This section IS ON the NHS,0,No Special Jurisdiction,3314,3314,34.50842222,34.50842222,-86.89895,-86.89895,12,Motor Vehicle In-Transport,6,Angle,0,No,1,Non-Junction,1,Not an Intersection,1,On Roadway,0,None,2,Dark - Not Lighted,1,Clear,0,No,0000000,Not Applicable,23,11:00pm-11:59pm,15,15,23,11:00pm-11:59pm,20,20,99,Unknown,99,Unknown EMS Hospital Arrival Time,1
1,Alabama,10112,0,0,1,1,0,1,1,37,COOSA (37),0,NOT APPLICABLE,2,February,25,25,6,Friday,2022,22,10:00pm-10:59pm,45,45,US-280 SR-38,NA,2,US Highway,1,Rural,3,Principal Arterial - Other,1,State Highway Agency,1,This section IS ON the NHS,0,No Special Jurisdiction,601,601,32.98411667,32.98411667,-86.06569167,-86.06569167,35,Embankment,0,The First Harmful Event was Not a Collision with a Motor Vehicle in Transport,1,Yes,5,Entrance/Exit Ramp Related,1,Not an Intersection,4,On Roadside,0,None,3,Dark - Lighted,1,Clear,0,No,0000000,Not Applicable,99,Unknown,99,Unknown,99,Unknown EMS Scene Arrival Hour,99,Unknown EMS Scene Arrival Minutes,88,Not Applicable (Not Transported),88,Not Applicable (Not Transported),1