STATE,STATENAME,ST_CASE,PEDS,PERNOTMVIT,VE_TOTAL,VE_FORMS,PVH_INVL,PERSONS,PERMVIT,COUNTY,COUNTYNAME,CITY,CITYNAME,MONTH,MONTHNAME,DAY,DAYNAME,DAY_WEEK,DAY_WEEKNAME,YEAR,HOUR,HOURNAME,MINUTE,MINUTENAME,TWAY_ID,TWAY_ID2,ROUTE,ROUTENAME,RUR_URB,RUR_URBNAME,FUNC_SYS,FUNC_SYSNAME,RD_OWNER,RD_OWNERNAME,NHS,NHSNAME,SP_JUR,SP_JURNAME,MILEPT,MILEPTNAME,LATITUDE,LATITUDENAME,LONGITUD,LONGITUDNAME,HARM_EV,HARM_EVNAME,MAN_COLL,MAN_COLLNAME,RELJCT1,RELJCT1NAME,RELJCT2,RELJCT2NAME,TYP_INT,TYP_INTNAME,REL_ROAD,REL_ROADNAME,WRK_ZONE,WRK_ZONENAME,LGT_COND,LGT_CONDNAME,WEATHER,WEATHERNAME,SCH_BUS,SCH_BUSNAME,RAIL,RAILNAME,NOT_HOUR,NOT_HOURNAME,NOT_MIN,NOT_MINNAME,ARR_HOUR,ARR_HOURNAME,ARR_MIN,ARR_MINNAME,HOSP_HR,HOSP_HRNAME,HOSP_MN,HOSP_MNNAME,FATALS
1,Alabama,10266,0,0,1,1,0,1,1,125,TUSCALOOSA (125),0,NOT APPLICABLE,5,May,7,7,7,Saturday,2022,3,3:00am-3:59am,44,44,CR-TANNEHILL PKWY,NA,4,County Road,1,Rural,5,Major Collector,2,County Highway Agency,0,This section IS NOT on the NHS,0,No Special Jurisdiction,0,None,33.26769167,33.26769167,-87.08145278,-87.08145278,30,Utility Pole/Light Support,0,The First Harmful Event was Not a Collision with a Motor Vehicle in Transport,0,No,1,Non-Junction,1,Not an Intersection,4,On Roadside,0,None,2,Dark - Not Lighted,1,Clear,0,No,0000000,Not Applicable,99,Unknown,99,Unknown,99,Unknown EMS Scene Arrival Hour,99,Unknown EMS Scene Arrival Minutes,88,Not Applicable (Not Transported),88,Not Applicable (Not Transported),1
1,Alabama,10267,0,0,1,1,0,1,1,111,RANDOLPH (111),0,NOT APPLICABLE,5,May,7,7,7,Saturday,2022,11,11:00am-11:59am,34,34,SR-22,NA,3,State Highway,1,Rural,4,Minor Arterial,1,State Highway Agency,0,This section IS NOT on the NHS,0,No Special Jurisdiction,1673,1673,33.19617778,33.19617778,-85.26355556,-85.26355556,34,Ditch,0,The First Harmful Event was Not a Collision with a Motor Vehicle in Transport,0,No,1,Non-Junction,1,Not an Intersection,4,On Roadside,0,None,1,Daylight,1,Clear,0,No,0000000,Not Applicable,11,11:00am-11:59am,34,34,11,11:00am-11:59am,52,52,88,Not Applicable (Not Transported),88,Not Applicable (Not Transported),1
1,Alabama,10268,0,0,2,2,0,3,3,83,LIMESTONE (83),0,NOT APPLICABLE,5,May,7,7,7,Saturday,2022,14,2:00pm-2:59pm,14,14,SR-99,NA,3,State Highway,1,Rural,4,Minor Arterial,1,State Highway Agency,0,This section IS NOT on the NHS,0,No Special Jurisdiction,141,141,34.93030556,34.93030556,-87.12146111,-87.12146111,12,Motor Vehicle In-Transport,6,Angle,0,No,8,Driveway Access Related,1,Not an Intersection,1,On Roadway,0,None,1,Daylight,10,Cloudy,0,No,0000000,Not Applicable,14,2:00pm-2:59pm,15,15,14,2:00pm-2:59pm,39,39,15,3:00pm-3:59pm,33,33,1
1,Alabama,10269,0,0,2,2,0,2,2,117,SHELBY (117),0,NOT APPLICABLE,5,May,8,8,1,Sunday,2022,23,11:00pm-11:59pm,40,40,CR-52,NA,4,County Road,2,Urban,4,Minor Arterial,2,County Highway Agency,0,This section IS NOT on the NHS,0,No Special Jurisdiction,0,None,33.30359167,33.30359167,-86.90459167,-86.90459167,1,Rollover/Overturn,0,The First Harmful Event was Not a Collision with a Motor Vehicle in Transport,0,No,1,Non-Junction,1,Not an Intersection,1,On Roadway,0,None,2,Dark - Not Lighted,1,Clear,0,No,0000000,Not Applicable,23,11:00pm-11:59pm,40,40,23,11:00pm-11:59pm,52,52,88,Not Applicable (Not Transported),88,Not Applicable (Not Transported),1
1,Alabama,10270,0,0,1,1,0,1,1,27,CLAY (27),0,NOT APPLICABLE,5,May,8,8,1,Sunday,2022,12,12:00pm-12:59pm,55,55,SR-77,NA,3,State Highway,1,Rural,4,Minor Arterial,1,State Highway Agency,0,This section IS NOT on the NHS,0,No Special Jurisdiction,346,346,33.23074167,33.23074167,-85.76181944,-85.76181944,42,Tree (Standing Only),0,The First Harmful Event was Not a Collision with a Motor Vehicle in Transport,0,No,1,Non-Junction,1,Not an Intersection,4,On Roadside,0,None,1,Daylight,1,Clear,0,No,0000000,Not Applicable,99,Unknown,99,Unknown,13,1:00pm-1:59pm,33,33,88,Not Applicable (Not Transported),88,Not Applicable (Not Transported),1
1,Alabama,10271,0,0,1,1,0,2,2,93,MARION (93),0,NOT APPLICABLE,5,May,9,9,2,Monday,2022,16,4:00pm-4:59pm,22,22,I-22,NA,1,Interstate,1,Rural,1,Interstate,1,State Highway Agency,1,This section IS ON the NHS,0,No Special Jurisdiction,240,240,34.03094722,34.03094722,-87.86646111,-87.86646111,52,Guardrail End,0,The First Harmful Event was Not a Collision with a Motor Vehicle in Transport,0,No,1,Non-Junction,1,Not an Intersection,4,On Roadside,0,None,1,Daylight,1,Clear,0,No,0000000,Not Applicable,16,4:00pm-4:59pm,22,22,16,4:00pm-4:59pm,35,35,99,Unknown,99,Unknown EMS Hospital Arrival Time,1
1,Alabama,10272,1,1,1,1,0,2,2,83,LIMESTONE (83),170,ATHENS,7,July,5,5,3,Tuesday,2022,23,11:00pm-11:59pm,50,50,US-72 SR-2,NA,2,US Highway,2,Urban,3,Principal Arterial - Other,1,State Highway Agency,1,This section IS ON the NHS,0,No Special Jurisdiction,0,None,34.79034722,34.79034722,-86.98490278,-86.98490278,9,Pedalcyclist,0,The First Harmful Event was Not a Collision with a Motor Vehicle in Transport,0,No,1,Non-Junction,1,Not an Intersection,1,On Roadway,0,None,2,Dark - Not Lighted,1,Clear,0,No,0000000,Not Applicable,23,11:00pm-11:59pm,51,51,23,11:00pm-11:59pm,56,56,88,Not Applicable (Not Transported),88,Not Applicable (Not Transported),1
1,Alabama,10273,0,0,1,1,0,1,1,37,COOSA (37),0,NOT APPLICABLE,4,April,30,30,7,Saturday,2022,4,4:00am-4:59am,30,30,US-280 SR-38,NA,2,US Highway,2,Urban,3,Principal Arterial - Other,1,State Highway Agency,1,This section IS ON the NHS,0,No Special Jurisdiction,636,636,32.96676111,32.96676111,-86.00906667,-86.00906667,42,Tree (Standing Only),0,The First Harmful Event was Not a Collision with a Motor Vehicle in Transport,0,No,1,Non-Junction,1,Not an Intersection,4,On Roadside,0,None,9,Reported as Unknown,1,Clear,0,No,0000000,Not Applicable,5,5:00am-5:59am,44,44,5,5:00am-5:59am,54,54,88,Not Applicable (Not Transported),88,Not Applicable (Not Transported),1
1,Alabama,10274,1,1,1,1,0,1,1,71,JACKSON (71),0,NOT APPLICABLE,5,May,7,7,7,Saturday,2022,20,8:00pm-8:59pm,0,0,CR-58,NA,4,County Road,1,Rural,5,Major Collector,2,County Highway Agency,0,This section IS NOT on the NHS,0,No Special Jurisdiction,0,None,34.67301944,34.67301944,-85.84769722,-85.84769722,8,Pedestrian,0,The First Harmful Event was Not a Collision with a Motor Vehicle in Transport,0,No,1,Non-Junction,1,Not an Intersection,1,On Roadway,0,None,2,Dark - Not Lighted,1,Clear,0,No,0000000,Not Applicable,20,8:00pm-8:59pm,53,53,20,8:00pm-8:59pm,58,58,22,10:00pm-10:59pm,0,0,1
1,Alabama,10275,0,0,1,1,0,1,1,45,DALE (45),2050,MIDLAND CITY,5,May,8,8,1,Sunday,2022,21,9:00pm-9:59pm,51,51,5TH ST,NA,6,Local Street - Municipality,2,Urban,7,Local,4,City or Municipal Highway Agency,0,This section IS NOT on the NHS,0,No Special Jurisdiction,0,None,31.31753611,31.31753611,-85.49153056,-85.49153056,10,Railway Vehicle,0,The First Harmful Event was Not a Collision with a Motor Vehicle in Transport,0,No,6,Railway Grade Crossing,1,Not an Intersection,1,On Roadway,0,None,3,Dark - Lighted,1,Clear,0,No,637912X,637912X,22,10:00pm-10:59pm,48,48,22,10:00pm-10:59pm,54,54,23,11:00pm-11:59pm,10,10,1
1,Alabama,10276,0,0,2,2,0,3,3,125,TUSCALOOSA (125),2260,NORTHPORT,5,May,9,9,2,Monday,2022,13,1:00pm-1:59pm,45,45,US-82 SR-6,NORTHBROOK DR,2,US Highway,2,Urban,3,Principal Arterial - Other,1,State Highway Agency,1,This section IS ON the NHS,0,No Special Jurisdiction,473,473,33.23699722,33.23699722,-87.56096667,-87.56096667,12,Motor Vehicle In-Transport,6,Angle,0,No,2,Intersection,3,T-Intersection,1,On Roadway,1,Construction,1,Daylight,1,Clear,0,No,0000000,Not Applicable,13,1:00pm-1:59pm,47,47,13,1:00pm-1:59pm,52,52,99,Unknown,99,Unknown EMS Hospital Arrival Time,1
1,Alabama,10277,1,1,1,1,0,1,1,69,HOUSTON (69),930,DOTHAN,5,May,10,10,3,Tuesday,2022,22,10:00pm-10:59pm,36,36,US-231 SR-1,NA,2,US Highway,2,Urban,3,Principal Arterial - Other,1,State Highway Agency,1,This section IS ON the NHS,0,No Special Jurisdiction,0,None,31.19477222,31.19477222,-85.39961667,-85.39961667,8,Pedestrian,0,The First Harmful Event was Not a Collision with a Motor Vehicle in Transport,0,No,1,Non-Junction,1,Not an Intersection,1,On Roadway,0,None,2,Dark - Not Lighted,1,Clear,0,No,0000000,Not Applicable,22,10:00pm-10:59pm,45,45,22,10:00pm-10:59pm,50,50,88,Not Applicable (Not Transported),88,Not Applicable (Not Transported),1
1,Alabama,10278,0,0,2,2,0,4,4,33,COLBERT (33),0,NOT APPLICABLE,5,May,10,10,3,Tuesday,2022,7,7:00am-7:59am,10,10,SR-247,NA,3,State Highway,1,Rural,5,Major Collector,1,State Highway Agency,0,This section IS NOT on the NHS,0,No Special Jurisdiction,184,184,34.65659444,34.65659444,-87.885325,-87.885325,12,Motor Vehicle In-Transport,2,Front-to-Front,0,No,1,Non-Junction,1,Not an Intersection,1,On Roadway,0,None,1,Daylight,1,Clear,0,No,0000000,Not Applicable,7,7:00am-7:59am,18,18,7,7:00am-7:59am,33,33,8,8:00am-8:59am,17,17,1
1,Alabama,10279,0,0,2,2,0,2,2,79,LAWRENCE (79),0,NOT APPLICABLE,5,May,11,11,4,Wednesday,2022,17,5:00pm-5:59pm,30,30,CR-217,NA,4,County Road,1,Rural,5,Major Collector,2,County Highway Agency,0,This section IS NOT on the NHS,0,No Special Jurisdiction,0,None,34.50291389,34.50291389,-87.20044722,-87.20044722,12,Motor Vehicle In-Transport,2,Front-to-Front,0,No,1,Non-Junction,1,Not an Intersection,1,On Roadway,0,None,1,Daylight,1,Clear,0,No,0000000,Not Applicable,17,5:00pm-5:59pm,27,27,17,5:00pm-5:59pm,33,33,19,7:00pm-7:59pm,10,10,1
1,Alabama,10280,0,0,2,2,0,2,2,101,MONTGOMERY (101),2130,MONTGOMERY,5,May,14,14,7,Saturday,2022,3,3:00am-3:59am,50,50,MADISON AVE,N UNION ST,6,Local Street - Municipality,2,Urban,3,Principal Arterial - Other,4,City or Municipal Highway Agency,1,This section IS ON the NHS,0,No Special Jurisdiction,8,8,32.38014167,32.38014167,-86.29984444,-86.29984444,12,Motor Vehicle In-Transport,1,Front-to-Rear,0,No,3,Intersection-Related,2,Four-Way Intersection,1,On Roadway,0,None,3,Dark - Lighted,1,Clear,0,No,0000000,Not Applicable,3,3:00am-3:59am,51,51,3,3:00am-3:59am,58,58,88,Not Applicable (Not Transported),88,Not Applicable (Not Transported),1
1,Alabama,10282,0,0,1,1,0,3,3,31,COFFEE (31),0,NOT APPLICABLE,5,May,11,11,4,Wednesday,2022,2,2:00am-2:59am,35,35,CR-114,NA,4,County Road,1,Rural,5,Major Collector,2,County Highway Agency,0,This section IS NOT on the NHS,0,No Special Jurisdiction,0,None,31.49305556,31.49305556,-85.91019722,-85.91019722,59,Traffic Sign Support,0,The First Harmful Event was Not a Collision with a Motor Vehicle in Transport,0,No,1,Non-Junction,1,Not an Intersection,4,On Roadside,0,None,2,Dark - Not Lighted,1,Clear,0,No,0000000,Not Applicable,2,2:00am-2:59am,36,36,3,3:00am-3:59am,30,30,4,4:00am-4:59am,27,27,1
1,Alabama,10283,0,0,2,2,0,5,5,101,MONTGOMERY (101),0,NOT APPLICABLE,5,May,12,12,5,Thursday,2022,17,5:00pm-5:59pm,50,50,CR-WARES FERRY RD,SR-126,4,County Road,1,Rural,5,Major Collector,2,County Highway Agency,0,This section IS NOT on the NHS,0,No Special Jurisdiction,0,None,32.36238889,32.36238889,-86.10202222,-86.10202222,12,Motor Vehicle In-Transport,2,Front-to-Front,0,No,2,Intersection,2,Four-Way Intersection,1,On Roadway,0,None,1,Daylight,1,Clear,0,No,0000000,Not Applicable,18,6:00pm-6:59pm,1,1,18,6:00pm-6:59pm,20,20,19,7:00pm-7:59pm,16,16,1
1,Alabama,10284,0,0,1,1,0,1,1,67,HENRY (67),0,NOT APPLICABLE,5,May,12,12,5,Thursday,2022,18,6:00pm-6:59pm,40,40,SR-134,NA,3,State Highway,1,Rural,5,Major Collector,1,State Highway Agency,0,This section IS NOT on the NHS,0,No Special Jurisdiction,737,737,31.32938333,31.32938333,-85.12580278,-85.12580278,35,Embankment,0,The First Harmful Event was Not a Collision with a Motor Vehicle in Transport,0,No,1,Non-Junction,1,Not an Intersection,4,On Roadside,0,None,1,Daylight,1,Clear,0,No,0000000,Not Applicable,18,6:00pm-6:59pm,40,40,18,6:00pm-6:59pm,50,50,88,Not Applicable (Not Transported),88,Not Applicable (Not Transported),1
1,Alabama,10285,0,0,1,1,0,2,2,53,ESCAMBIA (53),1180,FLOMATON,5,May,13,13,6,Friday,2022,1,1:00am-1:59am,27,27,CR-OLD ATMORE RD,NA,4,County Road,1,Rural,7,Local,2,County Highway Agency,0,This section IS NOT on the NHS,0,No Special Jurisdiction,0,None,31.00570278,31.00570278,-87.30746667,-87.30746667,42,Tree (Standing Only),0,The First Harmful Event was Not a Collision with a Motor Vehicle in Transport,0,No,1,Non-Junction,1,Not an Intersection,4,On Roadside,0,None,3,Dark - Lighted,1,Clear,0,No,0000000,Not Applicable,1,1:00am-1:59am,27,27,1,1:00am-1:59am,38,38,1,1:00am-1:59am,59,59,1
1,Alabama,10286,0,0,2,2,0,2,2,39,COVINGTON (39),0,NOT APPLICABLE,5,May,13,13,6,Friday,2022,17,5:00pm-5:59pm,0,0,CR-77,NA,4,County Road,1,Rural,5,Major Collector,2,County Highway Agency,0,This section IS NOT on the NHS,0,No Special Jurisdiction,0,None,31.34283611,31.34283611,-86.33076667,-86.33076667,12,Motor Vehicle In-Transport,2,Front-to-Front,0,No,1,Non-Junction,1,Not an Intersection,1,On Roadway,0,None,1,Daylight,1,Clear,0,No,0000000,Not Applicable,17,5:00pm-5:59pm,11,11,17,5:00pm-5:59pm,26,26,88,Not Applicable (Not Transported),88,Not Applicable (Not Transported),1
1,Alabama,10287,0,0,1,1,0,2,2,119,SUMTER (119),1920,LIVINGSTON,5,May,14,14,7,Saturday,2022,0,0:00am-0:59am,50,50,SR-116,NA,3,State Highway,1,Rural,5,Major Collector,1,State Highway Agency,0,This section IS NOT on the NHS,0,No Special Jurisdiction,40,40,32.81112222,32.81112222,-88.24420833,-88.24420833,59,Traffic Sign Support,0,The First Harmful Event was Not a Collision with a Motor Vehicle in Transport,0,No,1,Non-Junction,1,Not an Intersection,4,On Roadside,0,None,2,Dark - Not Lighted,1,Clear,0,No,0000000,Not Applicable,99,Unknown,99,Unknown,1,1:00am-1:59am,31,31,99,Unknown,99,Unknown EMS Hospital Arrival Time,1
1,Alabama,10288,0,0,2,2,0,6,6,83,LIMESTONE (83),0,NOT APPLICABLE,5,May,14,14,7,Saturday,2022,14,2:00pm-2:59pm,0,0,CR-MOYERS RD,LUCAS FERRY RD,4,County Road,1,Rural,7,Local,2,County Highway Agency,0,This section IS NOT on the NHS,0,No Special Jurisdiction,0,None,34.74702222,34.74702222,-87.00159722,-87.00159722,12,Motor Vehicle In-Transport,6,Angle,0,No,2,Intersection,2,Four-Way Intersection,1,On Roadway,0,None,1,Daylight,1,Clear,0,No,0000000,Not Applicable,14,2:00pm-2:59pm,10,10,14,2:00pm-2:59pm,21,21,99,Unknown,99,Unknown EMS Hospital Arrival Time,1
1,Alabama,10289,0,0,1,1,0,1,1,89,MADISON (89),1730,HUNTSVILLE,5,May,14,14,7,Saturday,2022,8,8:00am-8:59am,39,39,SR-1,NA,3,State Highway,2,Urban,3,Principal Arterial - Other,1,State Highway Agency,1,This section IS ON the NHS,0,No Special Jurisdiction,3300,3300,34.71170556,34.71170556,-86.53911111,-86.53911111,35,Embankment,0,The First Harmful Event was Not a Collision with a Motor Vehicle in Transport,0,No,1,Non-Junction,1,Not an Intersection,4,On Roadside,0,None,1,Daylight,1,Clear,0,No,0000000,Not Applicable,8,8:00am-8:59am,39,39,8,8:00am-8:59am,58,58,88,Not Applicable (Not Transported),88,Not Applicable (Not Transported),1
1,Alabama,10290,0,0,2,2,0,3,3,83,LIMESTONE (83),0,NOT APPLICABLE,5,May,14,14,7,Saturday,2022,13,1:00pm-1:59pm,40,40,US-72 SR-2,BLACKBURN RD,2,US Highway,1,Rural,3,Principal Arterial - Other,1,State Highway Agency,1,This section IS ON the NHS,0,No Special Jurisdiction,701,701,34.79159722,34.79159722,-87.05423056,-87.05423056,12,Motor Vehicle In-Transport,6,Angle,0,No,2,Intersection,3,T-Intersection,1,On Roadway,0,None,1,Daylight,1,Clear,0,No,0000000,Not Applicable,13,1:00pm-1:59pm,44,44,13,1:00pm-1:59pm,56,56,88,Not Applicable (Not Transported),88,Not Applicable (Not Transported),1
1,Alabama,10291,0,0,2,2,0,3,3,95,MARSHALL (95),1500,GUNTERSVILLE,5,May,14,14,7,Saturday,2022,20,8:00pm-8:59pm,10,10,SR-69,NA,3,State Highway,2,Urban,4,Minor Arterial,1,State Highway Agency,0,This section IS NOT on the NHS,0,No Special Jurisdiction,2773,2773,34.36343333,34.36343333,-86.35293611,-86.35293611,12,Motor Vehicle In-Transport,6,Angle,0,No,8,Driveway Access Related,1,Not an Intersection,1,On Roadway,0,None,3,Dark - Lighted,10,Cloudy,0,No,0000000,Not Applicable,20,8:00pm-8:59pm,12,12,20,8:00pm-8:59pm,16,16,88,Not Applicable (Not Transported),88,Not Applicable (Not Transported),1
1,Alabama,10292,0,0,2,2,0,3,3,109,PIKE (109),0,NOT APPLICABLE,5,May,15,15,1,Sunday,2022,19,7:00pm-7:59pm,5,5,US-29 SR-10,NA,2,US Highway,2,Urban,4,Minor Arterial,1,State Highway Agency,0,This section IS NOT on the NHS,0,No Special Jurisdiction,1660,1660,31.809675,31.809675,-86.02081389,-86.02081389,12,Motor Vehicle In-Transport,2,Front-to-Front,0,No,1,Non-Junction,1,Not an Intersection,1,On Roadway,0,None,1,Daylight,10,Cloudy,0,No,0000000,Not Applicable,19,7:00pm-7:59pm,12,12,19,7:00pm-7:59pm,19,19,20,8:00pm-8:59pm,7,7,1
1,Alabama,10293,0,0,2,2,0,6,6,31,COFFEE (31),0,NOT APPLICABLE,5,May,15,15,1,Sunday,2022,13,1:00pm-1:59pm,58,58,SR-189,NA,3,State Highway,1,Rural,5,Major Collector,1,State Highway Agency,0,This section IS NOT on the NHS,0,No Special Jurisdiction,49,49,31.27925556,31.27925556,-86.15740278,-86.15740278,12,Motor Vehicle In-Transport,2,Front-to-Front,0,No,1,Non-Junction,1,Not an Intersection,1,On Roadway,0,None,1,Daylight,10,Cloudy,0,No,0000000,Not Applicable,13,1:00pm-1:59pm,58,58,14,2:00pm-2:59pm,11,11,15,3:00pm-3:59pm,34,34,1
1,Alabama,10294,0,0,1,1,0,1,1,73,JEFFERSON (73),0,NOT APPLICABLE,5,May,15,15,1,Sunday,2022,21,9:00pm-9:59pm,55,55,CR-WARRIOR JASPER RD,NA,4,County Road,1,Rural,5,Major Collector,2,County Highway Agency,0,This section IS NOT on the NHS,0,No Special Jurisdiction,0,None,33.73966111,33.73966111,-86.98927778,-86.98927778,42,Tree (Standing Only),0,The First Harmful Event was Not a Collision with a Motor Vehicle in Transport,0,No,1,Non-Junction,1,Not an Intersection,4,On Roadside,0,None,2,Dark - Not Lighted,1,Clear,0,No,0000000,Not Applicable,99,Unknown,99,Unknown,22,10:00pm-10:59pm,7,7,88,Not Applicable (Not Transported),88,Not Applicable (Not Transported),1
1,Alabama,10295,0,0,1,1,0,1,1,43,CULLMAN (43),0,NOT APPLICABLE,5,May,16,16,2,Monday,2022,22,10:00pm-10:59pm,50,50,SR-91,NA,3,State Highway,1,Rural,4,Minor Arterial,1,State Highway Agency,0,This section IS NOT on the NHS,0,No Special Jurisdiction,273,273,34.07990278,34.07990278,-86.73987778,-86.73987778,18,Other Object (not fixed),0,The First Harmful Event was Not a Collision with a Motor Vehicle in Transport,0,No,1,Non-Junction,1,Not an Intersection,4,On Roadside,0,None,2,Dark - Not Lighted,1,Clear,0,No,0000000,Not Applicable,22,10:00pm-10:59pm,55,55,23,11:00pm-11:59pm,23,23,0,0:00am-0:59am,14,14,1
1,Alabama,10296,0,0,1,1,0,1,1,123,TALLAPOOSA (123),0,NOT APPLICABLE,5,May,16,16,2,Monday,2022,8,8:00am-8:59am,20,20,SR-22,NA,3,State Highway,1,Rural,4,Minor Arterial,1,State Highway Agency,0,This section IS NOT on the NHS,0,No Special Jurisdiction,1261,1261,33.00659444,33.00659444,-85.81750278,-85.81750278,1,Rollover/Overturn,0,The First Harmful Event was Not a Collision with a Motor Vehicle in Transport,0,No,1,Non-Junction,1,Not an Intersection,4,On Roadside,0,None,1,Daylight,1,Clear,0,No,0000000,Not Applicable,8,8:00am-8:59am,20,20,8,8:00am-8:59am,30,30,88,Not Applicable (Not Transported),88,Not Applicable (Not Transported),1
1,Alabama,10297,0,0,2,2,0,4,4,23,CHOCTAW (23),0,NOT APPLICABLE,5,May,16,16,2,Monday,2022,15,3:00pm-3:59pm,51,51,US-84 SR-12,CR-21,2,US Highway,1,Rural,3,Principal Arterial - Other,1,State Highway Agency,1,This section IS ON the NHS,0,No Special Jurisdiction,137,137,31.77981667,31.77981667,-88.24015556,-88.24015556,12,Motor Vehicle In-Transport,1,Front-to-Rear,0,No,3,Intersection-Related,3,T-Intersection,1,On Roadway,1,Construction,1,Daylight,1,Clear,0,No,0000000,Not Applicable,99,Unknown,99,Unknown,99,Unknown EMS Scene Arrival Hour,99,Unknown EMS Scene Arrival Minutes,88,Not Applicable (Not Transported),88,Not Applicable (Not Transported),2
1,Alabama,10298,0,0,2,2,0,4,4,103,MORGAN (103),0,NOT APPLICABLE,5,May,16,16,2,Monday,2022,12,12:00pm-12:59pm,50,50,SR-157,S DANVILLE RD,3,State Highway,1,Rural,3,Principal Arterial - Other,1,State Highway Agency,1,This section IS ON the NHS,0,No Special Jurisdiction,246,246,34.37919167,34.37919167,-87.09306667,-87.09306667,12,Motor Vehicle In-Transport,6,Angle,0,No,2,Intersection,2,Four-Way Intersection,1,On Roadway,0,None,1,Daylight,1,Clear,0,No,0000000,Not Applicable,99,Unknown,99,Unknown,13,1:00pm-1:59pm,5,5,99,Unknown,99,Unknown EMS Hospital Arrival Time,1
1,Alabama,10299,0,0,1,1,0,1,1,133,WINSTON (133),0,NOT APPLICABLE,5,May,16,16,2,Monday,2022,0,0:00am-0:59am,45,45,SR-195,NA,3,State Highway,1,Rural,5,Major Collector,1,State Highway Agency,0,This section IS NOT on the NHS,0,No Special Jurisdiction,168,168,34.06043889,34.06043889,-87.38901667,-87.38901667,1,Rollover/Overturn,0,The First Harmful Event was Not a Collision with a Motor Vehicle in Transport,0,No,1,Non-Junction,1,Not an Intersection,4,On Roadside,0,None,2,Dark - Not Lighted,2,Rain,0,No,0000000,Not Applicable,99,Unknown,99,Unknown,1,1:00am-1:59am,39,39,88,Not Applicable (Not Transported),88,Not Applicable (Not Transported),1
1,Alabama,10300,0,0,2,2,0,2,2,73,JEFFERSON (73),350,BIRMINGHAM,5,May,16,16,2,Monday,2022,5,5:00am-5:59am,40,40,FIVE MILE RD,NA,6,Local Street - Municipality,2,Urban,5,Major Collector,4,City or Municipal Highway Agency,0,This section IS NOT on the NHS,0,No Special Jurisdiction,0,None,33.605175,33.605175,-86.70020833,-86.70020833,12,Motor Vehicle In-Transport,2,Front-to-Front,0,No,1,Non-Junction,1,Not an Intersection,1,On Roadway,0,None,4,Dawn,1,Clear,0,No,0000000,Not Applicable,5,5:00am-5:59am,45,45,6,6:00am-6:59am,7,7,6,6:00am-6:59am,35,35,1
1,Alabama,10301,0,0,1,1,0,2,2,83,LIMESTONE (83),0,NOT APPLICABLE,5,May,16,16,2,Monday,2022,18,6:00pm-6:59pm,13,13,CR-SWANCOTT RD SW,NA,4,County Road,1,Rural,5,Major Collector,2,County Highway Agency,0,This section IS NOT on the NHS,0,No Special Jurisdiction,0,None,34.60838611,34.60838611,-86.84371111,-86.84371111,42,Tree (Standing Only),0,The First Harmful Event was Not a Collision with a Motor Vehicle in Transport,0,No,1,Non-Junction,1,Not an Intersection,4,On Roadside,0,None,1,Daylight,1,Clear,0,No,0000000,Not Applicable,18,6:00pm-6:59pm,13,13,18,6:00pm-6:59pm,34,34,99,Unknown,99,Unknown EMS Hospital Arrival Time,1
1,Alabama,10302,1,1,1,1,0,2,2,111,RANDOLPH (111),3160,WADLEY,5,May,16,16,2,Monday,2022,20,8:00pm-8:59pm,56,56,SR-22,NA,3,State Highway,1,Rural,4,Minor Arterial,1,State Highway Agency,0,This section IS NOT on the NHS,0,No Special Jurisdiction,1467,1467,33.11803056,33.11803056,-85.56031389,-85.56031389,8,Pedestrian,0,The First Harmful Event was Not a Collision with a Motor Vehicle in Transport,0,No,1,Non-Junction,1,Not an Intersection,1,On Roadway,0,None,2,Dark - Not Lighted,1,Clear,0,No,0000000,Not Applicable,99,Unknown,99,Unknown,21,9:00pm-9:59pm,9,9,88,Not Applicable (Not Transported),88,Not Applicable (Not Transported),1
1,Alabama,10303,0,0,1,1,0,1,1,83,LIMESTONE (83),0,NOT APPLICABLE,5,May,17,17,3,Tuesday,2022,1,1:00am-1:59am,30,30,I-65,NA,1,Interstate,1,Rural,1,Interstate,1,State Highway Agency,1,This section IS ON the NHS,0,No Special Jurisdiction,3420,3420,34.65688889,34.65688889,-86.91291389,-86.91291389,24,Guardrail Face,0,The First Harmful Event was Not a Collision with a Motor Vehicle in Transport,0,No,1,Non-Junction,1,Not an Intersection,3,On Median,0,None,2,Dark - Not Lighted,1,Clear,0,No,0000000,Not Applicable,1,1:00am-1:59am,32,32,1,1:00am-1:59am,51,51,88,Not Applicable (Not Transported),88,Not Applicable (Not Transported),1
1,Alabama,10304,0,0,1,1,0,1,1,57,FAYETTE (57),0,NOT APPLICABLE,5,May,18,18,4,Wednesday,2022,16,4:00pm-4:59pm,23,23,CR-12,NA,4,County Road,1,Rural,5,Major Collector,2,County Highway Agency,0,This section IS NOT on the NHS,0,No Special Jurisdiction,0,None,33.54025833,33.54025833,-87.82562778,-87.82562778,42,Tree (Standing Only),0,The First Harmful Event was Not a Collision with a Motor Vehicle in Transport,0,No,1,Non-Junction,1,Not an Intersection,4,On Roadside,0,None,1,Daylight,1,Clear,0,No,0000000,Not Applicable,16,4:00pm-4:59pm,38,38,16,4:00pm-4:59pm,53,53,88,Not Applicable (Not Transported),88,Not Applicable (Not Transported),1