STATE,STATENAME,ST_CASE,PEDS,PERNOTMVIT,VE_TOTAL,VE_FORMS,PVH_INVL,PERSONS,PERMVIT,COUNTY,COUNTYNAME,CITY,CITYNAME,MONTH,MONTHNAME,DAY,DAYNAME,DAY_WEEK,DAY_WEEKNAME,YEAR,HOUR,HOURNAME,MINUTE,MINUTENAME,TWAY_ID,TWAY_ID2,ROUTE,ROUTENAME,RUR_URB,RUR_URBNAME,FUNC_SYS,FUNC_SYSNAME,RD_OWNER,RD_OWNERNAME,NHS,NHSNAME,SP_JUR,SP_JURNAME,MILEPT,MILEPTNAME,LATITUDE,LATITUDENAME,LONGITUD,LONGITUDNAME,HARM_EV,HARM_EVNAME,MAN_COLL,MAN_COLLNAME,RELJCT1,RELJCT1NAME,RELJCT2,RELJCT2NAME,TYP_INT,TYP_INTNAME,REL_ROAD,REL_ROADNAME,WRK_ZONE,WRK_ZONENAME,LGT_COND,LGT_CONDNAME,WEATHER,WEATHERNAME,SCH_BUS,SCH_BUSNAME,RAIL,RAILNAME,NOT_HOUR,NOT_HOURNAME,NOT_MIN,NOT_MINNAME,ARR_HOUR,ARR_HOURNAME,ARR_MIN,ARR_MINNAME,HOSP_HR,HOSP_HRNAME,HOSP_MN,HOSP_MNNAME,FATALS
1,Alabama,10305,0,0,1,1,0,1,1,55,ETOWAH (55),1280,GADSDEN,5,May,18,18,4,Wednesday,2022,23,11:00pm-11:59pm,19,19,PADEN RD,NA,6,Local Street - Municipality,2,Urban,4,Minor Arterial,4,City or Municipal Highway Agency,0,This section IS NOT on the NHS,0,No Special Jurisdiction,10,10,33.96975833,33.96975833,-85.96790278,-85.96790278,1,Rollover/Overturn,0,The First Harmful Event was Not a Collision with a Motor Vehicle in Transport,0,No,1,Non-Junction,1,Not an Intersection,4,On Roadside,0,None,2,Dark - Not Lighted,1,Clear,0,No,0000000,Not Applicable,23,11:00pm-11:59pm,19,19,23,11:00pm-11:59pm,27,27,88,Not Applicable (Not Transported),88,Not Applicable (Not Transported),1
1,Alabama,10306,0,0,3,3,0,4,4,115,ST. CLAIR (115),0,NOT APPLICABLE,5,May,18,18,4,Wednesday,2022,10,10:00am-10:59am,21,21,SR-174,MINERAL SPRINGS RD,3,State Highway,1,Rural,5,Major Collector,1,State Highway Agency,0,This section IS NOT on the NHS,0,No Special Jurisdiction,168,168,33.63581944,33.63581944,-86.32450278,-86.32450278,12,Motor Vehicle In-Transport,6,Angle,0,No,2,Intersection,2,Four-Way Intersection,1,On Roadway,0,None,1,Daylight,1,Clear,0,No,0000000,Not Applicable,10,10:00am-10:59am,21,21,10,10:00am-10:59am,40,40,99,Unknown,99,Unknown EMS Hospital Arrival Time,1
1,Alabama,10307,0,0,2,2,0,2,2,115,ST. CLAIR (115),2136,MOODY,5,May,18,18,4,Wednesday,2022,12,12:00pm-12:59pm,9,9,US-78 SR-4,NA,2,US Highway,2,Urban,4,Minor Arterial,1,State Highway Agency,0,This section IS NOT on the NHS,0,No Special Jurisdiction,1190,1190,33.57188889,33.57188889,-86.48214167,-86.48214167,12,Motor Vehicle In-Transport,1,Front-to-Rear,0,No,8,Driveway Access Related,1,Not an Intersection,1,On Roadway,0,None,1,Daylight,1,Clear,0,No,0000000,Not Applicable,12,12:00pm-12:59pm,13,13,12,12:00pm-12:59pm,18,18,88,Not Applicable (Not Transported),88,Not Applicable (Not Transported),1
1,Alabama,10308,0,0,1,1,0,1,1,17,CHAMBERS (17),0,NOT APPLICABLE,5,May,19,19,5,Thursday,2022,20,8:00pm-8:59pm,40,40,CR-212,CR-222,4,County Road,1,Rural,5,Major Collector,2,County Highway Agency,0,This section IS NOT on the NHS,0,No Special Jurisdiction,0,None,32.98525,32.98525,-85.23080833,-85.23080833,35,Embankment,0,The First Harmful Event was Not a Collision with a Motor Vehicle in Transport,0,No,3,Intersection-Related,3,T-Intersection,4,On Roadside,0,None,2,Dark - Not Lighted,1,Clear,0,No,0000000,Not Applicable,20,8:00pm-8:59pm,40,40,20,8:00pm-8:59pm,50,50,88,Not Applicable (Not Transported),88,Not Applicable (Not Transported),1
1,Alabama,10309,0,0,1,1,0,1,1,73,JEFFERSON (73),1850,LEEDS,5,May,20,20,6,Friday,2022,13,1:00pm-1:59pm,40,40,SR-25,NA,3,State Highway,2,Urban,4,Minor Arterial,1,State Highway Agency,0,This section IS NOT on the NHS,0,No Special Jurisdiction,1685,1685,33.53168333,33.53168333,-86.53970278,-86.53970278,1,Rollover/Overturn,0,The First Harmful Event was Not a Collision with a Motor Vehicle in Transport,0,No,1,Non-Junction,1,Not an Intersection,4,On Roadside,0,None,1,Daylight,1,Clear,0,No,0000000,Not Applicable,13,1:00pm-1:59pm,40,40,13,1:00pm-1:59pm,49,49,88,Not Applicable (Not Transported),88,Not Applicable (Not Transported),1
1,Alabama,10310,0,0,2,2,0,5,5,117,SHELBY (117),47,ALABASTER,5,May,20,20,6,Friday,2022,13,1:00pm-1:59pm,27,27,CR-KENT DAIRY RD,COX RD,4,County Road,2,Urban,5,Major Collector,2,County Highway Agency,0,This section IS NOT on the NHS,0,No Special Jurisdiction,0,None,33.21538611,33.21538611,-86.84024722,-86.84024722,12,Motor Vehicle In-Transport,1,Front-to-Rear,0,No,3,Intersection-Related,3,T-Intersection,1,On Roadway,0,None,1,Daylight,10,Cloudy,0,No,0000000,Not Applicable,13,1:00pm-1:59pm,38,38,13,1:00pm-1:59pm,31,31,99,Unknown,99,Unknown EMS Hospital Arrival Time,1
1,Alabama,10311,0,0,1,1,0,2,2,49,DEKALB (49),0,NOT APPLICABLE,5,May,20,20,6,Friday,2022,15,3:00pm-3:59pm,0,0,CR-255,NA,4,County Road,1,Rural,5,Major Collector,2,County Highway Agency,0,This section IS NOT on the NHS,0,No Special Jurisdiction,0,None,34.38096944,34.38096944,-85.65621389,-85.65621389,1,Rollover/Overturn,0,The First Harmful Event was Not a Collision with a Motor Vehicle in Transport,0,No,1,Non-Junction,1,Not an Intersection,4,On Roadside,0,None,1,Daylight,1,Clear,0,No,0000000,Not Applicable,15,3:00pm-3:59pm,7,7,15,3:00pm-3:59pm,25,25,99,Unknown,99,Unknown EMS Hospital Arrival Time,1
1,Alabama,10312,0,0,2,2,0,2,2,81,LEE (81),200,AUBURN,5,May,20,20,6,Friday,2022,21,9:00pm-9:59pm,40,40,E UNIVERSITY DR,SHELTON MILL RD,6,Local Street - Municipality,2,Urban,4,Minor Arterial,4,City or Municipal Highway Agency,0,This section IS NOT on the NHS,0,No Special Jurisdiction,0,None,32.62977222,32.62977222,-85.469075,-85.469075,12,Motor Vehicle In-Transport,1,Front-to-Rear,0,No,3,Intersection-Related,2,Four-Way Intersection,1,On Roadway,0,None,3,Dark - Lighted,1,Clear,0,No,0000000,Not Applicable,21,9:00pm-9:59pm,48,48,21,9:00pm-9:59pm,55,55,99,Unknown,99,Unknown EMS Hospital Arrival Time,1
1,Alabama,10313,1,1,3,2,1,2,2,15,CALHOUN (15),2460,PIEDMONT,5,May,20,20,6,Friday,2022,16,4:00pm-4:59pm,45,45,SR-9,NA,3,State Highway,1,Rural,4,Minor Arterial,1,State Highway Agency,0,This section IS NOT on the NHS,0,No Special Jurisdiction,2410,2410,33.92231944,33.92231944,-85.61351111,-85.61351111,12,Motor Vehicle In-Transport,6,Angle,0,No,1,Non-Junction,1,Not an Intersection,1,On Roadway,0,None,1,Daylight,1,Clear,0,No,0000000,Not Applicable,16,4:00pm-4:59pm,46,46,16,4:00pm-4:59pm,49,49,17,5:00pm-5:59pm,31,31,1
1,Alabama,10314,0,0,1,1,0,1,1,47,DALLAS (47),0,NOT APPLICABLE,5,May,20,20,6,Friday,2022,23,11:00pm-11:59pm,40,40,SR-14,NA,3,State Highway,1,Rural,4,Minor Arterial,1,State Highway Agency,0,This section IS NOT on the NHS,0,No Special Jurisdiction,1247,1247,32.46538611,32.46538611,-86.89811111,-86.89811111,42,Tree (Standing Only),0,The First Harmful Event was Not a Collision with a Motor Vehicle in Transport,0,No,1,Non-Junction,1,Not an Intersection,4,On Roadside,0,None,2,Dark - Not Lighted,1,Clear,0,No,0000000,Not Applicable,99,Unknown,99,Unknown,7,7:00am-7:59am,30,30,88,Not Applicable (Not Transported),88,Not Applicable (Not Transported),1
1,Alabama,10315,1,1,1,1,0,1,1,21,CHILTON (21),700,CLANTON,5,May,20,20,6,Friday,2022,20,8:00pm-8:59pm,5,5,SAMARIA RD,NA,6,Local Street - Municipality,2,Urban,7,Local,4,City or Municipal Highway Agency,0,This section IS NOT on the NHS,0,No Special Jurisdiction,0,None,32.81892222,32.81892222,-86.62836667,-86.62836667,8,Pedestrian,0,The First Harmful Event was Not a Collision with a Motor Vehicle in Transport,0,No,1,Non-Junction,1,Not an Intersection,1,On Roadway,0,None,2,Dark - Not Lighted,10,Cloudy,0,No,0000000,Not Applicable,20,8:00pm-8:59pm,5,5,20,8:00pm-8:59pm,14,14,88,Not Applicable (Not Transported),88,Not Applicable (Not Transported),1
1,Alabama,10316,0,0,2,2,0,2,2,43,CULLMAN (43),0,NOT APPLICABLE,5,May,20,20,6,Friday,2022,6,6:00am-6:59am,10,10,SR-91,NA,3,State Highway,1,Rural,5,Major Collector,1,State Highway Agency,0,This section IS NOT on the NHS,0,No Special Jurisdiction,61,61,33.88675556,33.88675556,-86.98789444,-86.98789444,12,Motor Vehicle In-Transport,6,Angle,0,No,1,Non-Junction,1,Not an Intersection,1,On Roadway,0,None,1,Daylight,1,Clear,0,No,0000000,Not Applicable,99,Unknown,99,Unknown,99,Unknown EMS Scene Arrival Hour,99,Unknown EMS Scene Arrival Minutes,88,Not Applicable (Not Transported),88,Not Applicable (Not Transported),1
1,Alabama,10317,0,0,1,1,0,1,1,93,MARION (93),0,NOT APPLICABLE,5,May,21,21,7,Saturday,2022,15,3:00pm-3:59pm,10,10,I-22,NA,1,Interstate,1,Rural,1,Interstate,1,State Highway Agency,1,This section IS ON the NHS,0,No Special Jurisdiction,265,265,34.00915278,34.00915278,-87.83054722,-87.83054722,42,Tree (Standing Only),0,The First Harmful Event was Not a Collision with a Motor Vehicle in Transport,0,No,1,Non-Junction,1,Not an Intersection,4,On Roadside,0,None,1,Daylight,1,Clear,0,No,0000000,Not Applicable,15,3:00pm-3:59pm,10,10,15,3:00pm-3:59pm,20,20,88,Not Applicable (Not Transported),88,Not Applicable (Not Transported),1
1,Alabama,10318,0,0,1,1,0,2,2,71,JACKSON (71),2720,SCOTTSBORO,5,May,21,21,7,Saturday,2022,20,8:00pm-8:59pm,29,29,SR-279,NA,3,State Highway,2,Urban,4,Minor Arterial,1,State Highway Agency,0,This section IS NOT on the NHS,0,No Special Jurisdiction,63,63,34.67618056,34.67618056,-86.01547222,-86.01547222,34,Ditch,0,The First Harmful Event was Not a Collision with a Motor Vehicle in Transport,0,No,1,Non-Junction,1,Not an Intersection,4,On Roadside,0,None,3,Dark - Lighted,10,Cloudy,0,No,0000000,Not Applicable,20,8:00pm-8:59pm,30,30,20,8:00pm-8:59pm,34,34,88,Not Applicable (Not Transported),88,Not Applicable (Not Transported),2
1,Alabama,10319,0,0,1,1,0,1,1,15,CALHOUN (15),0,NOT APPLICABLE,5,May,21,21,7,Saturday,2022,22,10:00pm-10:59pm,16,16,US-78 SR-4,NA,2,US Highway,2,Urban,4,Minor Arterial,2,County Highway Agency,0,This section IS NOT on the NHS,0,No Special Jurisdiction,1674,1674,33.62434167,33.62434167,-85.71670833,-85.71670833,35,Embankment,0,The First Harmful Event was Not a Collision with a Motor Vehicle in Transport,0,No,1,Non-Junction,1,Not an Intersection,4,On Roadside,0,None,2,Dark - Not Lighted,10,Cloudy,0,No,0000000,Not Applicable,22,10:00pm-10:59pm,20,20,22,10:00pm-10:59pm,31,31,88,Not Applicable (Not Transported),88,Not Applicable (Not Transported),1
1,Alabama,10320,0,0,1,1,0,4,4,73,JEFFERSON (73),3080,TRUSSVILLE,5,May,22,22,1,Sunday,2022,18,6:00pm-6:59pm,38,38,I-59,NA,1,Interstate,2,Urban,1,Interstate,1,State Highway Agency,1,This section IS ON the NHS,0,No Special Jurisdiction,1395,1395,33.622325,33.622325,-86.63481667,-86.63481667,30,Utility Pole/Light Support,0,The First Harmful Event was Not a Collision with a Motor Vehicle in Transport,0,No,1,Non-Junction,1,Not an Intersection,4,On Roadside,0,None,1,Daylight,10,Cloudy,0,No,0000000,Not Applicable,88,Not Applicable (Not Notified),88,Not Applicable (Not Notified),88,Not Applicable,88,Not Applicable,88,Not Applicable (Not Transported),88,Not Applicable (Not Transported),1
1,Alabama,10321,0,0,4,4,0,4,4,95,MARSHALL (95),1500,GUNTERSVILLE,5,May,19,19,5,Thursday,2022,12,12:00pm-12:59pm,30,30,SR-69,NA,3,State Highway,2,Urban,4,Minor Arterial,1,State Highway Agency,0,This section IS NOT on the NHS,0,No Special Jurisdiction,2789,2789,34.35637778,34.35637778,-86.32590556,-86.32590556,12,Motor Vehicle In-Transport,2,Front-to-Front,0,No,1,Non-Junction,1,Not an Intersection,1,On Roadway,0,None,1,Daylight,1,Clear,0,No,0000000,Not Applicable,13,1:00pm-1:59pm,3,3,13,1:00pm-1:59pm,13,13,14,2:00pm-2:59pm,30,30,1
1,Alabama,10322,0,0,1,1,0,1,1,3,BALDWIN (3),0,NOT APPLICABLE,5,May,23,23,2,Monday,2022,14,2:00pm-2:59pm,5,5,I-10,NA,1,Interstate,1,Rural,1,Interstate,1,State Highway Agency,1,This section IS ON the NHS,0,No Special Jurisdiction,519,519,30.63349167,30.63349167,-87.63587778,-87.63587778,24,Guardrail Face,0,The First Harmful Event was Not a Collision with a Motor Vehicle in Transport,0,No,1,Non-Junction,1,Not an Intersection,4,On Roadside,0,None,1,Daylight,10,Cloudy,0,No,0000000,Not Applicable,14,2:00pm-2:59pm,5,5,14,2:00pm-2:59pm,20,20,88,Not Applicable (Not Transported),88,Not Applicable (Not Transported),1
1,Alabama,10323,0,0,2,2,0,2,2,103,MORGAN (103),0,NOT APPLICABLE,5,May,23,23,2,Monday,2022,16,4:00pm-4:59pm,45,45,CR-BROWN RD,IRON MAN RD,4,County Road,1,Rural,5,Major Collector,2,County Highway Agency,0,This section IS NOT on the NHS,0,No Special Jurisdiction,2,2,34.47390833,34.47390833,-87.10341111,-87.10341111,12,Motor Vehicle In-Transport,6,Angle,0,No,2,Intersection,3,T-Intersection,1,On Roadway,0,None,1,Daylight,1,Clear,0,No,0000000,Not Applicable,16,4:00pm-4:59pm,45,45,16,4:00pm-4:59pm,56,56,88,Not Applicable (Not Transported),88,Not Applicable (Not Transported),1
1,Alabama,10324,0,0,6,6,0,10,10,69,HOUSTON (69),930,DOTHAN,5,May,22,22,1,Sunday,2022,18,6:00pm-6:59pm,5,5,US-231 SR-53,BARRINGTON RD,2,US Highway,2,Urban,3,Principal Arterial - Other,1,State Highway Agency,1,This section IS ON the NHS,0,No Special Jurisdiction,0,None,31.28379167,31.28379167,-85.46430278,-85.46430278,30,Utility Pole/Light Support,0,The First Harmful Event was Not a Collision with a Motor Vehicle in Transport,0,No,3,Intersection-Related,2,Four-Way Intersection,4,On Roadside,0,None,1,Daylight,2,Rain,0,No,0000000,Not Applicable,18,6:00pm-6:59pm,6,6,18,6:00pm-6:59pm,11,11,88,Not Applicable (Not Transported),88,Not Applicable (Not Transported),1
1,Alabama,10325,0,0,1,1,0,1,1,47,DALLAS (47),0,NOT APPLICABLE,5,May,23,23,2,Monday,2022,5,5:00am-5:59am,8,8,US-80 SR-8,NA,2,US Highway,1,Rural,3,Principal Arterial - Other,1,State Highway Agency,1,This section IS ON the NHS,0,No Special Jurisdiction,994,994,32.30830556,32.30830556,-86.83450833,-86.83450833,18,Other Object (not fixed),0,The First Harmful Event was Not a Collision with a Motor Vehicle in Transport,0,No,1,Non-Junction,1,Not an Intersection,1,On Roadway,0,None,2,Dark - Not Lighted,2,Rain,0,No,0000000,Not Applicable,5,5:00am-5:59am,8,8,5,5:00am-5:59am,15,15,88,Not Applicable (Not Transported),88,Not Applicable (Not Transported),1
1,Alabama,10326,0,0,2,2,0,3,3,9,BLOUNT (9),1600,HAYDEN,5,May,23,23,2,Monday,2022,8,8:00am-8:59am,45,45,CR-SKYLINE DR,NA,4,County Road,1,Rural,5,Major Collector,2,County Highway Agency,0,This section IS NOT on the NHS,0,No Special Jurisdiction,0,None,33.85666389,33.85666389,-86.83619167,-86.83619167,12,Motor Vehicle In-Transport,6,Angle,0,No,1,Non-Junction,1,Not an Intersection,1,On Roadway,0,None,1,Daylight,2,Rain,0,No,0000000,Not Applicable,8,8:00am-8:59am,45,45,9,9:00am-9:59am,3,3,9,9:00am-9:59am,48,48,1
1,Alabama,10327,0,0,2,2,0,2,2,113,RUSSELL (113),2440,PHENIX CITY,3,March,15,15,3,Tuesday,2022,13,1:00pm-1:59pm,12,12,US-431 SR-1,KNOWLES RD,2,US Highway,2,Urban,3,Principal Arterial - Other,1,State Highway Agency,1,This section IS ON the NHS,0,No Special Jurisdiction,1110,1110,32.44798333,32.44798333,-85.01705556,-85.01705556,12,Motor Vehicle In-Transport,6,Angle,0,No,2,Intersection,2,Four-Way Intersection,1,On Roadway,0,None,1,Daylight,2,Rain,0,No,0000000,Not Applicable,13,1:00pm-1:59pm,35,35,13,1:00pm-1:59pm,37,37,14,2:00pm-2:59pm,18,18,1
1,Alabama,10328,1,1,1,1,0,1,1,21,CHILTON (21),700,CLANTON,4,April,5,5,3,Tuesday,2022,22,10:00pm-10:59pm,43,43,US-31 SR-3,NA,2,US Highway,2,Urban,4,Minor Arterial,1,State Highway Agency,0,This section IS NOT on the NHS,0,No Special Jurisdiction,2210,2210,32.82958611,32.82958611,-86.62626111,-86.62626111,8,Pedestrian,0,The First Harmful Event was Not a Collision with a Motor Vehicle in Transport,0,No,1,Non-Junction,1,Not an Intersection,1,On Roadway,0,None,3,Dark - Lighted,1,Clear,0,No,0000000,Not Applicable,22,10:00pm-10:59pm,43,43,22,10:00pm-10:59pm,48,48,99,Unknown,99,Unknown EMS Hospital Arrival Time,1
1,Alabama,10329,0,0,1,1,0,1,1,13,BUTLER (13),1460,GREENVILLE,3,March,13,13,1,Sunday,2022,18,6:00pm-6:59pm,37,37,CR-KOLB CITY RD,NA,4,County Road,2,Urban,5,Major Collector,2,County Highway Agency,0,This section IS NOT on the NHS,0,No Special Jurisdiction,0,None,31.80210556,31.80210556,-86.64235,-86.64235,42,Tree (Standing Only),0,The First Harmful Event was Not a Collision with a Motor Vehicle in Transport,0,No,1,Non-Junction,1,Not an Intersection,4,On Roadside,0,None,1,Daylight,1,Clear,0,No,0000000,Not Applicable,18,6:00pm-6:59pm,37,37,18,6:00pm-6:59pm,42,42,19,7:00pm-7:59pm,12,12,1
1,Alabama,10330,0,0,1,1,0,1,1,3,BALDWIN (3),1210,FOLEY,2,February,8,8,3,Tuesday,2022,16,4:00pm-4:59pm,51,51,FOLEY BEACH EXPRESS,NA,6,Local Street - Municipality,2,Urban,4,Minor Arterial,4,City or Municipal Highway Agency,0,This section IS NOT on the NHS,0,No Special Jurisdiction,71,71,30.3871,30.3871,-87.64785833,-87.64785833,1,Rollover/Overturn,0,The First Harmful Event was Not a Collision with a Motor Vehicle in Transport,0,No,1,Non-Junction,1,Not an Intersection,1,On Roadway,0,None,1,Daylight,1,Clear,0,No,0000000,Not Applicable,16,4:00pm-4:59pm,51,51,17,5:00pm-5:59pm,4,4,17,5:00pm-5:59pm,23,23,1
1,Alabama,10331,0,0,2,2,0,4,4,127,WALKER (127),2400,PARRISH,5,May,23,23,2,Monday,2022,0,0:00am-0:59am,59,59,SR-269,NA,3,State Highway,1,Rural,5,Major Collector,1,State Highway Agency,0,This section IS NOT on the NHS,0,No Special Jurisdiction,356,356,33.74582778,33.74582778,-87.27025,-87.27025,12,Motor Vehicle In-Transport,2,Front-to-Front,0,No,1,Non-Junction,1,Not an Intersection,1,On Roadway,0,None,3,Dark - Lighted,2,Rain,0,No,0000000,Not Applicable,0,0:00am-0:59am,59,59,1,1:00am-1:59am,16,16,2,2:00am-2:59am,19,19,2
1,Alabama,10332,0,0,2,2,0,2,2,23,CHOCTAW (23),520,BUTLER,5,May,24,24,3,Tuesday,2022,6,6:00am-6:59am,30,30,SR-10,NA,3,State Highway,1,Rural,4,Minor Arterial,1,State Highway Agency,0,This section IS NOT on the NHS,0,No Special Jurisdiction,209,209,32.09702778,32.09702778,-88.16660556,-88.16660556,12,Motor Vehicle In-Transport,2,Front-to-Front,0,No,1,Non-Junction,1,Not an Intersection,1,On Roadway,1,Construction,1,Daylight,2,Rain,0,No,0000000,Not Applicable,6,6:00am-6:59am,36,36,6,6:00am-6:59am,45,45,7,7:00am-7:59am,5,5,1
1,Alabama,10333,0,0,2,2,0,2,2,73,JEFFERSON (73),350,BIRMINGHAM,2,February,6,6,1,Sunday,2022,2,2:00am-2:59am,25,25,I-65,NA,1,Interstate,2,Urban,1,Interstate,1,State Highway Agency,1,This section IS ON the NHS,0,No Special Jurisdiction,2614,2614,33.53163056,33.53163056,-86.82455556,-86.82455556,12,Motor Vehicle In-Transport,2,Front-to-Front,0,No,1,Non-Junction,1,Not an Intersection,1,On Roadway,0,None,3,Dark - Lighted,1,Clear,0,No,0000000,Not Applicable,2,2:00am-2:59am,29,29,2,2:00am-2:59am,38,38,88,Not Applicable (Not Transported),88,Not Applicable (Not Transported),1
1,Alabama,10334,0,0,2,2,0,6,6,97,MOBILE (97),0,NOT APPLICABLE,5,May,24,24,3,Tuesday,2022,16,4:00pm-4:59pm,35,35,SR-217,NA,3,State Highway,2,Urban,4,Minor Arterial,1,State Highway Agency,0,This section IS NOT on the NHS,0,No Special Jurisdiction,46,46,30.78363889,30.78363889,-88.19556389,-88.19556389,12,Motor Vehicle In-Transport,2,Front-to-Front,0,No,1,Non-Junction,1,Not an Intersection,1,On Roadway,0,None,1,Daylight,10,Cloudy,0,No,0000000,Not Applicable,16,4:00pm-4:59pm,42,42,16,4:00pm-4:59pm,54,54,17,5:00pm-5:59pm,20,20,3
1,Alabama,10335,0,0,1,1,0,1,1,47,DALLAS (47),0,NOT APPLICABLE,5,May,25,25,4,Wednesday,2022,20,8:00pm-8:59pm,20,20,SR-22,NA,3,State Highway,1,Rural,4,Minor Arterial,1,State Highway Agency,0,This section IS NOT on the NHS,0,No Special Jurisdiction,363,363,32.58364167,32.58364167,-86.968475,-86.968475,42,Tree (Standing Only),0,The First Harmful Event was Not a Collision with a Motor Vehicle in Transport,0,No,1,Non-Junction,1,Not an Intersection,4,On Roadside,0,None,2,Dark - Not Lighted,2,Rain,0,No,0000000,Not Applicable,20,8:00pm-8:59pm,20,20,20,8:00pm-8:59pm,45,45,88,Not Applicable (Not Transported),88,Not Applicable (Not Transported),1
1,Alabama,10336,1,1,1,1,0,1,1,91,MARENGO (91),0,NOT APPLICABLE,5,May,25,25,4,Wednesday,2022,1,1:00am-1:59am,15,15,SR-25,NA,3,State Highway,1,Rural,5,Major Collector,1,State Highway Agency,0,This section IS NOT on the NHS,0,No Special Jurisdiction,327,327,32.41952222,32.41952222,-87.597675,-87.597675,8,Pedestrian,0,The First Harmful Event was Not a Collision with a Motor Vehicle in Transport,0,No,1,Non-Junction,1,Not an Intersection,1,On Roadway,0,None,2,Dark - Not Lighted,10,Cloudy,0,No,0000000,Not Applicable,99,Unknown,99,Unknown,99,Unknown EMS Scene Arrival Hour,99,Unknown EMS Scene Arrival Minutes,88,Not Applicable (Not Transported),88,Not Applicable (Not Transported),1
1,Alabama,10337,0,0,1,1,0,2,2,97,MOBILE (97),0,NOT APPLICABLE,5,May,25,25,4,Wednesday,2022,17,5:00pm-5:59pm,45,45,CR-IRVINGTON BLB HWY,NA,4,County Road,2,Urban,5,Major Collector,2,County Highway Agency,0,This section IS NOT on the NHS,0,No Special Jurisdiction,47,47,30.49641944,30.49641944,-88.23393889,-88.23393889,34,Ditch,0,The First Harmful Event was Not a Collision with a Motor Vehicle in Transport,0,No,1,Non-Junction,1,Not an Intersection,4,On Roadside,0,None,1,Daylight,10,Cloudy,0,No,0000000,Not Applicable,17,5:00pm-5:59pm,45,45,18,6:00pm-6:59pm,0,0,18,6:00pm-6:59pm,42,42,1
1,Alabama,10338,0,0,1,1,0,1,1,73,JEFFERSON (73),0,NOT APPLICABLE,5,May,26,26,5,Thursday,2022,99,Unknown Hours,99,Unknown Minutes,TORRANCE RD,NA,6,Local Street - Municipality,1,Rural,5,Major Collector,2,County Highway Agency,0,This section IS NOT on the NHS,0,No Special Jurisdiction,0,None,33.79280833,33.79280833,-86.93529722,-86.93529722,42,Tree (Standing Only),0,The First Harmful Event was Not a Collision with a Motor Vehicle in Transport,0,No,1,Non-Junction,1,Not an Intersection,4,On Roadside,0,None,2,Dark - Not Lighted,1,Clear,0,No,0000000,Not Applicable,99,Unknown,99,Unknown,99,Unknown EMS Scene Arrival Hour,99,Unknown EMS Scene Arrival Minutes,88,Not Applicable (Not Transported),88,Not Applicable (Not Transported),1
1,Alabama,10339,0,0,1,1,0,2,2,43,CULLMAN (43),0,NOT APPLICABLE,5,May,26,26,5,Thursday,2022,23,11:00pm-11:59pm,25,25,CR-1650,NA,4,County Road,1,Rural,99,Unknown,2,County Highway Agency,0,This section IS NOT on the NHS,0,No Special Jurisdiction,0,None,34.17838333,34.17838333,-86.65591667,-86.65591667,53,Mail Box,0,The First Harmful Event was Not a Collision with a Motor Vehicle in Transport,0,No,1,Non-Junction,1,Not an Intersection,4,On Roadside,0,None,2,Dark - Not Lighted,10,Cloudy,0,No,0000000,Not Applicable,23,11:00pm-11:59pm,25,25,23,11:00pm-11:59pm,38,38,99,Unknown,99,Unknown EMS Hospital Arrival Time,1
1,Alabama,10340,0,0,2,2,0,4,4,97,MOBILE (97),0,NOT APPLICABLE,5,May,26,26,5,Thursday,2022,7,7:00am-7:59am,40,40,CR-AIRPORT BLVD,GRAND BAY WILMER RD S,4,County Road,1,Rural,4,Minor Arterial,2,County Highway Agency,0,This section IS NOT on the NHS,0,No Special Jurisdiction,20,20,30.63759167,30.63759167,-88.37089167,-88.37089167,12,Motor Vehicle In-Transport,6,Angle,0,No,2,Intersection,3,T-Intersection,1,On Roadway,0,None,1,Daylight,10,Cloudy,0,No,0000000,Not Applicable,7,7:00am-7:59am,48,48,8,8:00am-8:59am,14,14,8,8:00am-8:59am,59,59,1
1,Alabama,10341,0,0,3,3,0,6,6,117,SHELBY (117),0,NOT APPLICABLE,5,May,26,26,5,Thursday,2022,14,2:00pm-2:59pm,25,25,I-65,NA,1,Interstate,2,Urban,1,Interstate,1,State Highway Agency,1,This section IS ON the NHS,0,No Special Jurisdiction,2398,2398,33.25132778,33.25132778,-86.79944444,-86.79944444,12,Motor Vehicle In-Transport,7,Sideswipe - Same Direction,0,No,1,Non-Junction,1,Not an Intersection,1,On Roadway,0,None,1,Daylight,2,Rain,0,No,0000000,Not Applicable,14,2:00pm-2:59pm,25,25,14,2:00pm-2:59pm,30,30,88,Not Applicable (Not Transported),88,Not Applicable (Not Transported),1
1,Alabama,10342,0,0,2,2,0,3,3,97,MOBILE (97),2100,MOBILE,5,May,27,27,6,Friday,2022,20,8:00pm-8:59pm,56,56,US-98 SR-42,MOFFETT CT,2,US Highway,2,Urban,3,Principal Arterial - Other,1,State Highway Agency,1,This section IS ON the NHS,0,No Special Jurisdiction,123,123,30.71244444,30.71244444,-88.13032778,-88.13032778,12,Motor Vehicle In-Transport,2,Front-to-Front,0,No,2,Intersection,3,T-Intersection,1,On Roadway,0,None,3,Dark - Lighted,1,Clear,0,No,0000000,Not Applicable,99,Unknown,99,Unknown,99,Unknown EMS Scene Arrival Hour,99,Unknown EMS Scene Arrival Minutes,99,Unknown,99,Unknown EMS Hospital Arrival Time,1