STATE,STATENAME,ST_CASE,PEDS,PERNOTMVIT,VE_TOTAL,VE_FORMS,PVH_INVL,PERSONS,PERMVIT,COUNTY,COUNTYNAME,CITY,CITYNAME,MONTH,MONTHNAME,DAY,DAYNAME,DAY_WEEK,DAY_WEEKNAME,YEAR,HOUR,HOURNAME,MINUTE,MINUTENAME,TWAY_ID,TWAY_ID2,ROUTE,ROUTENAME,RUR_URB,RUR_URBNAME,FUNC_SYS,FUNC_SYSNAME,RD_OWNER,RD_OWNERNAME,NHS,NHSNAME,SP_JUR,SP_JURNAME,MILEPT,MILEPTNAME,LATITUDE,LATITUDENAME,LONGITUD,LONGITUDNAME,HARM_EV,HARM_EVNAME,MAN_COLL,MAN_COLLNAME,RELJCT1,RELJCT1NAME,RELJCT2,RELJCT2NAME,TYP_INT,TYP_INTNAME,REL_ROAD,REL_ROADNAME,WRK_ZONE,WRK_ZONENAME,LGT_COND,LGT_CONDNAME,WEATHER,WEATHERNAME,SCH_BUS,SCH_BUSNAME,RAIL,RAILNAME,NOT_HOUR,NOT_HOURNAME,NOT_MIN,NOT_MINNAME,ARR_HOUR,ARR_HOURNAME,ARR_MIN,ARR_MINNAME,HOSP_HR,HOSP_HRNAME,HOSP_MN,HOSP_MNNAME,FATALS
1,Alabama,10343,0,0,2,2,0,2,2,11,BULLOCK (11),3090,UNION SPRINGS,5,May,27,27,6,Friday,2022,6,6:00am-6:59am,53,53,PEACHBURG RD,NA,6,Local Street - Municipality,2,Urban,5,Major Collector,4,City or Municipal Highway Agency,0,This section IS NOT on the NHS,0,No Special Jurisdiction,15,15,32.15243889,32.15243889,-85.70287778,-85.70287778,12,Motor Vehicle In-Transport,6,Angle,0,No,8,Driveway Access Related,1,Not an Intersection,1,On Roadway,0,None,1,Daylight,1,Clear,0,No,0000000,Not Applicable,6,6:00am-6:59am,54,54,7,7:00am-7:59am,7,7,7,7:00am-7:59am,23,23,1
1,Alabama,10344,0,0,1,1,0,1,1,47,DALLAS (47),0,NOT APPLICABLE,5,May,28,28,7,Saturday,2022,23,11:00pm-11:59pm,31,31,SR-5,NA,3,State Highway,1,Rural,3,Principal Arterial - Other,1,State Highway Agency,1,This section IS ON the NHS,0,No Special Jurisdiction,329,329,32.24255556,32.24255556,-87.40757222,-87.40757222,42,Tree (Standing Only),0,The First Harmful Event was Not a Collision with a Motor Vehicle in Transport,0,No,1,Non-Junction,1,Not an Intersection,4,On Roadside,0,None,2,Dark - Not Lighted,1,Clear,0,No,0000000,Not Applicable,99,Unknown,99,Unknown,0,0:00am-0:59am,18,18,88,Not Applicable (Not Transported),88,Not Applicable (Not Transported),1
1,Alabama,10345,0,0,2,2,0,2,2,43,CULLMAN (43),830,CULLMAN,5,May,28,28,7,Saturday,2022,14,2:00pm-2:59pm,44,44,MAIN AVE SW,7TH ST SW,6,Local Street - Municipality,2,Urban,5,Major Collector,4,City or Municipal Highway Agency,0,This section IS NOT on the NHS,0,No Special Jurisdiction,13,13,34.16788889,34.16788889,-86.847975,-86.847975,12,Motor Vehicle In-Transport,6,Angle,0,No,2,Intersection,2,Four-Way Intersection,1,On Roadway,0,None,1,Daylight,1,Clear,0,No,0000000,Not Applicable,14,2:00pm-2:59pm,45,45,14,2:00pm-2:59pm,53,53,15,3:00pm-3:59pm,14,14,1
1,Alabama,10346,0,0,3,3,0,6,6,81,LEE (81),2340,OPELIKA,5,May,28,28,7,Saturday,2022,8,8:00am-8:59am,41,41,US-29 SR-15,NA,2,US Highway,2,Urban,5,Major Collector,1,State Highway Agency,0,This section IS NOT on the NHS,0,No Special Jurisdiction,1934,1934,32.67538056,32.67538056,-85.32661944,-85.32661944,12,Motor Vehicle In-Transport,2,Front-to-Front,0,No,1,Non-Junction,1,Not an Intersection,1,On Roadway,0,None,1,Daylight,1,Clear,0,No,0000000,Not Applicable,8,8:00am-8:59am,43,43,8,8:00am-8:59am,55,55,9,9:00am-9:59am,21,21,1
1,Alabama,10347,0,0,2,2,0,2,2,121,TALLADEGA (121),2910,TALLADEGA,5,May,28,28,7,Saturday,2022,3,3:00am-3:59am,38,38,SR-275,NA,3,State Highway,2,Urban,3,Principal Arterial - Other,1,State Highway Agency,1,This section IS ON the NHS,0,No Special Jurisdiction,24,24,33.46353611,33.46353611,-86.09806667,-86.09806667,12,Motor Vehicle In-Transport,2,Front-to-Front,0,No,1,Non-Junction,1,Not an Intersection,1,On Roadway,1,Construction,2,Dark - Not Lighted,1,Clear,0,No,0000000,Not Applicable,3,3:00am-3:59am,38,38,3,3:00am-3:59am,49,49,88,Not Applicable (Not Transported),88,Not Applicable (Not Transported),1
1,Alabama,10348,0,0,2,2,0,2,2,15,CALHOUN (15),2370,OXFORD,5,May,28,28,7,Saturday,2022,12,12:00pm-12:59pm,20,20,US-78 SR-4,ROSEMARY LANE,2,US Highway,2,Urban,4,Minor Arterial,1,State Highway Agency,0,This section IS NOT on the NHS,0,No Special Jurisdiction,1556,1556,33.59405556,33.59405556,-85.90685556,-85.90685556,12,Motor Vehicle In-Transport,6,Angle,0,No,2,Intersection,3,T-Intersection,1,On Roadway,0,None,1,Daylight,1,Clear,0,No,0000000,Not Applicable,12,12:00pm-12:59pm,20,20,12,12:00pm-12:59pm,27,27,88,Not Applicable (Not Transported),88,Not Applicable (Not Transported),1
1,Alabama,10349,0,0,1,1,0,4,4,89,MADISON (89),1730,HUNTSVILLE,5,May,29,29,1,Sunday,2022,14,2:00pm-2:59pm,19,19,ROSEWOOD CIR NW,NA,6,Local Street - Municipality,2,Urban,7,Local,4,City or Municipal Highway Agency,0,This section IS NOT on the NHS,0,No Special Jurisdiction,0,None,34.75335278,34.75335278,-86.62524167,-86.62524167,1,Rollover/Overturn,0,The First Harmful Event was Not a Collision with a Motor Vehicle in Transport,0,No,1,Non-Junction,1,Not an Intersection,1,On Roadway,0,None,1,Daylight,1,Clear,0,No,0000000,Not Applicable,14,2:00pm-2:59pm,20,20,14,2:00pm-2:59pm,44,44,14,2:00pm-2:59pm,58,58,1
1,Alabama,10350,0,0,2,2,0,3,3,115,ST. CLAIR (115),0,NOT APPLICABLE,5,May,29,29,1,Sunday,2022,17,5:00pm-5:59pm,40,40,I-20,NA,1,Interstate,1,Rural,1,Interstate,1,State Highway Agency,1,This section IS ON the NHS,0,No Special Jurisdiction,1507,1507,33.59295278,33.59295278,-86.41820278,-86.41820278,12,Motor Vehicle In-Transport,1,Front-to-Rear,0,No,1,Non-Junction,1,Not an Intersection,1,On Roadway,0,None,1,Daylight,1,Clear,0,No,0000000,Not Applicable,17,5:00pm-5:59pm,39,39,18,6:00pm-6:59pm,4,4,18,6:00pm-6:59pm,37,37,1
1,Alabama,10351,0,0,2,2,0,3,3,55,ETOWAH (55),1280,GADSDEN,5,May,30,30,2,Monday,2022,3,3:00am-3:59am,25,25,US-411 SR-25,NA,2,US Highway,2,Urban,4,Minor Arterial,1,State Highway Agency,0,This section IS NOT on the NHS,0,No Special Jurisdiction,2202,2202,34.03546111,34.03546111,-85.96625278,-85.96625278,12,Motor Vehicle In-Transport,6,Angle,0,No,1,Non-Junction,1,Not an Intersection,1,On Roadway,0,None,2,Dark - Not Lighted,1,Clear,0,No,0000000,Not Applicable,3,3:00am-3:59am,25,25,3,3:00am-3:59am,31,31,88,Not Applicable (Not Transported),88,Not Applicable (Not Transported),1
1,Alabama,10352,1,1,1,1,0,1,1,101,MONTGOMERY (101),2130,MONTGOMERY,5,May,30,30,2,Monday,2022,22,10:00pm-10:59pm,39,39,WEST FAIRVIEW AVE,ROSA L PARKS AVE,6,Local Street - Municipality,2,Urban,4,Minor Arterial,4,City or Municipal Highway Agency,0,This section IS NOT on the NHS,0,No Special Jurisdiction,27,27,32.35165556,32.35165556,-86.316575,-86.316575,8,Pedestrian,0,The First Harmful Event was Not a Collision with a Motor Vehicle in Transport,0,No,3,Intersection-Related,2,Four-Way Intersection,1,On Roadway,0,None,3,Dark - Lighted,1,Clear,0,No,0000000,Not Applicable,22,10:00pm-10:59pm,40,40,22,10:00pm-10:59pm,47,47,88,Not Applicable (Not Transported),88,Not Applicable (Not Transported),1
1,Alabama,10353,0,0,1,1,0,1,1,125,TUSCALOOSA (125),0,NOT APPLICABLE,5,May,30,30,2,Monday,2022,1,1:00am-1:59am,50,50,CR-MLK JR BLVD,NA,4,County Road,1,Rural,5,Major Collector,2,County Highway Agency,0,This section IS NOT on the NHS,0,No Special Jurisdiction,0,None,33.14801944,33.14801944,-87.62171111,-87.62171111,34,Ditch,0,The First Harmful Event was Not a Collision with a Motor Vehicle in Transport,0,No,1,Non-Junction,1,Not an Intersection,4,On Roadside,0,None,2,Dark - Not Lighted,1,Clear,0,No,0000000,Not Applicable,1,1:00am-1:59am,54,54,2,2:00am-2:59am,5,5,88,Not Applicable (Not Transported),88,Not Applicable (Not Transported),1
1,Alabama,10354,0,0,3,3,0,4,4,71,JACKSON (71),2720,SCOTTSBORO,5,May,30,30,2,Monday,2022,14,2:00pm-2:59pm,0,0,SR-79,ED HEMBREE DR,3,State Highway,2,Urban,4,Minor Arterial,1,State Highway Agency,0,This section IS NOT on the NHS,0,No Special Jurisdiction,877,877,34.59860556,34.59860556,-86.08084722,-86.08084722,12,Motor Vehicle In-Transport,2,Front-to-Front,0,No,3,Intersection-Related,3,T-Intersection,1,On Roadway,0,None,1,Daylight,1,Clear,0,No,0000000,Not Applicable,14,2:00pm-2:59pm,4,4,14,2:00pm-2:59pm,15,15,15,3:00pm-3:59pm,24,24,1
1,Alabama,10355,0,0,2,2,0,2,2,117,SHELBY (117),0,NOT APPLICABLE,5,May,30,30,2,Monday,2022,17,5:00pm-5:59pm,20,20,US-280 SR-38,CR-43,2,US Highway,2,Urban,5,Major Collector,1,State Highway Agency,0,This section IS NOT on the NHS,0,No Special Jurisdiction,134,134,33.355825,33.355825,-86.65101667,-86.65101667,12,Motor Vehicle In-Transport,6,Angle,0,No,2,Intersection,2,Four-Way Intersection,1,On Roadway,0,None,1,Daylight,1,Clear,0,No,0000000,Not Applicable,17,5:00pm-5:59pm,26,26,17,5:00pm-5:59pm,32,32,88,Not Applicable (Not Transported),88,Not Applicable (Not Transported),1
1,Alabama,10356,0,0,1,1,0,1,1,77,LAUDERDALE (77),0,NOT APPLICABLE,5,May,31,31,3,Tuesday,2022,18,6:00pm-6:59pm,30,30,US-72 SR-2,NA,2,US Highway,1,Rural,3,Principal Arterial - Other,1,State Highway Agency,1,This section IS ON the NHS,0,No Special Jurisdiction,520,520,34.84397222,34.84397222,-87.37251944,-87.37251944,52,Guardrail End,0,The First Harmful Event was Not a Collision with a Motor Vehicle in Transport,0,No,1,Non-Junction,1,Not an Intersection,4,On Roadside,0,None,1,Daylight,1,Clear,0,No,0000000,Not Applicable,18,6:00pm-6:59pm,36,36,18,6:00pm-6:59pm,50,50,19,7:00pm-7:59pm,41,41,1
1,Alabama,10357,0,0,1,1,0,2,2,37,COOSA (37),0,NOT APPLICABLE,6,June,1,1,4,Wednesday,2022,19,7:00pm-7:59pm,25,25,CR-PELICAN LANE,NA,4,County Road,1,Rural,7,Local,2,County Highway Agency,0,This section IS NOT on the NHS,0,No Special Jurisdiction,0,None,32.99905556,32.99905556,-86.489775,-86.489775,42,Tree (Standing Only),0,The First Harmful Event was Not a Collision with a Motor Vehicle in Transport,0,No,1,Non-Junction,1,Not an Intersection,4,On Roadside,0,None,2,Dark - Not Lighted,1,Clear,0,No,0000000,Not Applicable,19,7:00pm-7:59pm,34,34,20,8:00pm-8:59pm,7,7,20,8:00pm-8:59pm,29,29,1
1,Alabama,10358,1,1,1,1,0,1,1,125,TUSCALOOSA (125),3050,TUSCALOOSA,6,June,2,2,5,Thursday,2022,3,3:00am-3:59am,54,54,I-359,NA,1,Interstate,2,Urban,1,Interstate,1,State Highway Agency,1,This section IS ON the NHS,0,No Special Jurisdiction,0,None,33.16969167,33.16969167,-87.5524,-87.5524,8,Pedestrian,0,The First Harmful Event was Not a Collision with a Motor Vehicle in Transport,1,Yes,5,Entrance/Exit Ramp Related,1,Not an Intersection,1,On Roadway,0,None,3,Dark - Lighted,1,Clear,0,No,0000000,Not Applicable,99,Unknown,99,Unknown,4,4:00am-4:59am,0,0,88,Not Applicable (Not Transported),88,Not Applicable (Not Transported),1
1,Alabama,10359,0,0,1,1,0,1,1,11,BULLOCK (11),0,NOT APPLICABLE,6,June,1,1,4,Wednesday,2022,7,7:00am-7:59am,0,0,US-82 SR-6,NA,2,US Highway,1,Rural,4,Minor Arterial,1,State Highway Agency,0,This section IS NOT on the NHS,0,No Special Jurisdiction,1864,1864,32.10631389,32.10631389,-85.88847778,-85.88847778,42,Tree (Standing Only),0,The First Harmful Event was Not a Collision with a Motor Vehicle in Transport,0,No,1,Non-Junction,1,Not an Intersection,4,On Roadside,0,None,1,Daylight,1,Clear,0,No,0000000,Not Applicable,7,7:00am-7:59am,0,0,7,7:00am-7:59am,25,25,99,Unknown,99,Unknown EMS Hospital Arrival Time,1
1,Alabama,10360,0,0,1,1,0,1,1,9,BLOUNT (9),0,NOT APPLICABLE,6,June,3,3,6,Friday,2022,21,9:00pm-9:59pm,9,9,CR-13,NA,4,County Road,2,Urban,7,Local,2,County Highway Agency,0,This section IS NOT on the NHS,0,No Special Jurisdiction,0,None,33.93442778,33.93442778,-86.66040556,-86.66040556,42,Tree (Standing Only),0,The First Harmful Event was Not a Collision with a Motor Vehicle in Transport,0,No,1,Non-Junction,1,Not an Intersection,4,On Roadside,0,None,2,Dark - Not Lighted,1,Clear,0,No,0000000,Not Applicable,21,9:00pm-9:59pm,9,9,21,9:00pm-9:59pm,20,20,88,Not Applicable (Not Transported),88,Not Applicable (Not Transported),1
1,Alabama,10361,0,0,2,2,0,3,3,73,JEFFERSON (73),1710,HOMEWOOD,6,June,3,3,6,Friday,2022,21,9:00pm-9:59pm,2,2,SR-3,28th ave s,3,State Highway,2,Urban,3,Principal Arterial - Other,1,State Highway Agency,0,This section IS NOT on the NHS,0,No Special Jurisdiction,2656,2656,33.48123889,33.48123889,-86.78726111,-86.78726111,12,Motor Vehicle In-Transport,1,Front-to-Rear,0,No,2,Intersection,2,Four-Way Intersection,1,On Roadway,0,None,3,Dark - Lighted,1,Clear,0,No,0000000,Not Applicable,21,9:00pm-9:59pm,3,3,21,9:00pm-9:59pm,8,8,21,9:00pm-9:59pm,27,27,1
1,Alabama,10362,1,1,1,1,0,2,2,97,MOBILE (97),2100,MOBILE,6,June,4,4,7,Saturday,2022,14,2:00pm-2:59pm,50,50,COTTAGE HILL RD,NA,6,Local Street - Municipality,2,Urban,7,Local,4,City or Municipal Highway Agency,0,This section IS NOT on the NHS,0,No Special Jurisdiction,0,None,30.654775,30.654775,-88.13665556,-88.13665556,9,Pedalcyclist,0,The First Harmful Event was Not a Collision with a Motor Vehicle in Transport,0,No,1,Non-Junction,1,Not an Intersection,1,On Roadway,0,None,1,Daylight,1,Clear,0,No,0000000,Not Applicable,99,Unknown,99,Unknown,15,3:00pm-3:59pm,0,0,88,Not Applicable (Not Transported),88,Not Applicable (Not Transported),1
1,Alabama,10363,0,0,1,1,0,1,1,3,BALDWIN (3),0,NOT APPLICABLE,6,June,4,4,7,Saturday,2022,15,3:00pm-3:59pm,40,40,SR-225,NA,3,State Highway,1,Rural,4,Minor Arterial,1,State Highway Agency,0,This section IS NOT on the NHS,0,No Special Jurisdiction,168,168,30.89905556,30.89905556,-87.85096667,-87.85096667,59,Traffic Sign Support,0,The First Harmful Event was Not a Collision with a Motor Vehicle in Transport,0,No,1,Non-Junction,1,Not an Intersection,4,On Roadside,0,None,1,Daylight,1,Clear,0,No,0000000,Not Applicable,15,3:00pm-3:59pm,41,41,15,3:00pm-3:59pm,48,48,88,Not Applicable (Not Transported),88,Not Applicable (Not Transported),1
1,Alabama,10364,0,0,1,1,0,1,1,71,JACKSON (71),0,NOT APPLICABLE,6,June,4,4,7,Saturday,2022,14,2:00pm-2:59pm,0,0,SR-65,NA,3,State Highway,1,Rural,5,Major Collector,1,State Highway Agency,0,This section IS NOT on the NHS,0,No Special Jurisdiction,249,249,34.96735,34.96735,-86.22223056,-86.22223056,42,Tree (Standing Only),0,The First Harmful Event was Not a Collision with a Motor Vehicle in Transport,0,No,1,Non-Junction,1,Not an Intersection,4,On Roadside,0,None,1,Daylight,1,Clear,0,No,0000000,Not Applicable,14,2:00pm-2:59pm,55,55,14,2:00pm-2:59pm,24,24,88,Not Applicable (Not Transported),88,Not Applicable (Not Transported),1
1,Alabama,10365,0,0,3,3,0,3,3,113,RUSSELL (113),2440,PHENIX CITY,6,June,4,4,7,Saturday,2022,22,10:00pm-10:59pm,2,2,US-80 SR-8,NA,2,US Highway,2,Urban,3,Principal Arterial - Other,1,State Highway Agency,0,This section IS NOT on the NHS,0,No Special Jurisdiction,2138,2138,32.47533333,32.47533333,-85.04038333,-85.04038333,12,Motor Vehicle In-Transport,2,Front-to-Front,0,No,1,Non-Junction,1,Not an Intersection,1,On Roadway,0,None,3,Dark - Lighted,1,Clear,0,No,0000000,Not Applicable,22,10:00pm-10:59pm,2,2,22,10:00pm-10:59pm,6,6,99,Unknown,99,Unknown EMS Hospital Arrival Time,1
1,Alabama,10366,0,0,1,1,0,3,3,63,GREENE (63),0,NOT APPLICABLE,6,June,5,5,1,Sunday,2022,4,4:00am-4:59am,30,30,US-11 SR-7,NA,2,US Highway,1,Rural,5,Major Collector,1,State Highway Agency,0,This section IS NOT on the NHS,0,No Special Jurisdiction,283,283,32.70032778,32.70032778,-88.09166667,-88.09166667,24,Guardrail Face,0,The First Harmful Event was Not a Collision with a Motor Vehicle in Transport,0,No,1,Non-Junction,1,Not an Intersection,4,On Roadside,0,None,1,Daylight,1,Clear,0,No,0000000,Not Applicable,99,Unknown,99,Unknown,6,6:00am-6:59am,6,6,99,Unknown,99,Unknown EMS Hospital Arrival Time,1
1,Alabama,10367,1,1,1,1,0,1,1,97,MOBILE (97),0,NOT APPLICABLE,6,June,6,6,2,Monday,2022,21,9:00pm-9:59pm,55,55,CR-THEODORE DAWES RD,NA,4,County Road,2,Urban,3,Principal Arterial - Other,1,State Highway Agency,0,This section IS NOT on the NHS,0,No Special Jurisdiction,0,None,30.56111667,30.56111667,-88.20961111,-88.20961111,8,Pedestrian,0,The First Harmful Event was Not a Collision with a Motor Vehicle in Transport,0,No,1,Non-Junction,1,Not an Intersection,1,On Roadway,0,None,3,Dark - Lighted,10,Cloudy,0,No,0000000,Not Applicable,22,10:00pm-10:59pm,26,26,22,10:00pm-10:59pm,35,35,88,Not Applicable (Not Transported),88,Not Applicable (Not Transported),1
1,Alabama,10368,0,0,1,1,0,1,1,13,BUTLER (13),0,NOT APPLICABLE,6,June,6,6,2,Monday,2022,15,3:00pm-3:59pm,30,30,SR-10,NA,3,State Highway,1,Rural,4,Minor Arterial,1,State Highway Agency,0,This section IS NOT on the NHS,0,No Special Jurisdiction,1071,1071,31.83789444,31.83789444,-86.87890556,-86.87890556,35,Embankment,0,The First Harmful Event was Not a Collision with a Motor Vehicle in Transport,0,No,1,Non-Junction,1,Not an Intersection,4,On Roadside,0,None,1,Daylight,1,Clear,0,No,0000000,Not Applicable,15,3:00pm-3:59pm,40,40,15,3:00pm-3:59pm,56,56,88,Not Applicable (Not Transported),88,Not Applicable (Not Transported),1
1,Alabama,10369,0,0,1,1,0,1,1,29,CLEBURNE (29),0,NOT APPLICABLE,6,June,6,6,2,Monday,2022,13,1:00pm-1:59pm,7,7,CR-13,SR-9,4,County Road,1,Rural,4,Minor Arterial,2,County Highway Agency,0,This section IS NOT on the NHS,0,No Special Jurisdiction,0,None,33.60351389,33.60351389,-85.604325,-85.604325,5,Fell/Jumped from Vehicle,0,The First Harmful Event was Not a Collision with a Motor Vehicle in Transport,0,No,3,Intersection-Related,3,T-Intersection,4,On Roadside,0,None,1,Daylight,1,Clear,0,No,0000000,Not Applicable,13,1:00pm-1:59pm,7,7,13,1:00pm-1:59pm,18,18,99,Unknown,99,Unknown EMS Hospital Arrival Time,1
1,Alabama,10370,0,0,1,1,0,1,1,1,AUTAUGA (1),0,NOT APPLICABLE,6,June,6,6,2,Monday,2022,10,10:00am-10:59am,55,55,US-82 SR-6,NA,2,US Highway,1,Rural,3,Principal Arterial - Other,1,State Highway Agency,1,This section IS ON the NHS,0,No Special Jurisdiction,1330,1330,32.49026944,32.49026944,-86.54594167,-86.54594167,42,Tree (Standing Only),0,The First Harmful Event was Not a Collision with a Motor Vehicle in Transport,0,No,1,Non-Junction,1,Not an Intersection,4,On Roadside,0,None,1,Daylight,10,Cloudy,0,No,0000000,Not Applicable,10,10:00am-10:59am,53,53,11,11:00am-11:59am,11,11,11,11:00am-11:59am,41,41,1
1,Alabama,10371,0,0,2,2,0,3,3,3,BALDWIN (3),1493,GULF SHORES,6,June,6,6,2,Monday,2022,17,5:00pm-5:59pm,58,58,SR-180,NA,3,State Highway,1,Rural,5,Major Collector,1,State Highway Agency,0,This section IS NOT on the NHS,0,No Special Jurisdiction,117,117,30.24742778,30.24742778,-87.83125556,-87.83125556,12,Motor Vehicle In-Transport,2,Front-to-Front,0,No,1,Non-Junction,1,Not an Intersection,1,On Roadway,0,None,1,Daylight,1,Clear,0,No,0000000,Not Applicable,17,5:00pm-5:59pm,58,58,18,6:00pm-6:59pm,15,15,19,7:00pm-7:59pm,29,29,1
1,Alabama,10372,1,1,1,1,0,1,1,101,MONTGOMERY (101),2130,MONTGOMERY,6,June,7,7,3,Tuesday,2022,20,8:00pm-8:59pm,22,22,EASTERN BLVD,SHIRLEY LN,6,Local Street - Municipality,2,Urban,3,Principal Arterial - Other,1,State Highway Agency,1,This section IS ON the NHS,0,No Special Jurisdiction,0,None,32.37096667,32.37096667,-86.209625,-86.209625,8,Pedestrian,0,The First Harmful Event was Not a Collision with a Motor Vehicle in Transport,0,No,3,Intersection-Related,2,Four-Way Intersection,1,On Roadway,0,None,3,Dark - Lighted,1,Clear,0,No,0000000,Not Applicable,20,8:00pm-8:59pm,24,24,20,8:00pm-8:59pm,36,36,21,9:00pm-9:59pm,5,5,1
1,Alabama,10373,0,0,2,2,0,2,2,123,TALLAPOOSA (123),60,ALEXANDER CITY,6,June,8,8,4,Wednesday,2022,11,11:00am-11:59am,14,14,US-280 SR-38,dadeville rd,2,US Highway,2,Urban,3,Principal Arterial - Other,1,State Highway Agency,1,This section IS ON the NHS,0,No Special Jurisdiction,720,720,32.90604444,32.90604444,-85.90093056,-85.90093056,12,Motor Vehicle In-Transport,7,Sideswipe - Same Direction,0,No,2,Intersection,3,T-Intersection,1,On Roadway,0,None,1,Daylight,2,Rain,0,No,0000000,Not Applicable,11,11:00am-11:59am,16,16,11,11:00am-11:59am,18,18,11,11:00am-11:59am,43,43,1
1,Alabama,10374,0,0,4,4,0,4,4,101,MONTGOMERY (101),2130,MONTGOMERY,6,June,8,8,4,Wednesday,2022,16,4:00pm-4:59pm,12,12,EASTERN BLVD,BUCKBOARD RD,6,Local Street - Municipality,2,Urban,3,Principal Arterial - Other,1,State Highway Agency,1,This section IS ON the NHS,0,No Special Jurisdiction,0,None,32.335375,32.335375,-86.22869444,-86.22869444,12,Motor Vehicle In-Transport,1,Front-to-Rear,0,No,3,Intersection-Related,2,Four-Way Intersection,1,On Roadway,0,None,1,Daylight,1,Clear,0,No,0000000,Not Applicable,16,4:00pm-4:59pm,15,15,16,4:00pm-4:59pm,36,36,17,5:00pm-5:59pm,3,3,1
1,Alabama,10375,0,0,1,1,0,1,1,97,MOBILE (97),2100,MOBILE,6,June,9,9,5,Thursday,2022,14,2:00pm-2:59pm,20,20,MONTLIMAR DR,NA,6,Local Street - Municipality,2,Urban,4,Minor Arterial,4,City or Municipal Highway Agency,0,This section IS NOT on the NHS,0,No Special Jurisdiction,0,None,30.66867222,30.66867222,-88.13318889,-88.13318889,30,Utility Pole/Light Support,0,The First Harmful Event was Not a Collision with a Motor Vehicle in Transport,0,No,1,Non-Junction,1,Not an Intersection,4,On Roadside,0,None,1,Daylight,10,Cloudy,0,No,0000000,Not Applicable,14,2:00pm-2:59pm,29,29,14,2:00pm-2:59pm,35,35,15,3:00pm-3:59pm,9,9,1
1,Alabama,10376,0,0,3,3,0,3,3,3,BALDWIN (3),860,DAPHNE,6,June,9,9,5,Thursday,2022,21,9:00pm-9:59pm,29,29,SR-181,NA,3,State Highway,2,Urban,4,Minor Arterial,1,State Highway Agency,0,This section IS NOT on the NHS,0,No Special Jurisdiction,133,133,30.610975,30.610975,-87.85206667,-87.85206667,12,Motor Vehicle In-Transport,8,Sideswipe - Opposite Direction,0,No,1,Non-Junction,1,Not an Intersection,1,On Roadway,0,None,2,Dark - Not Lighted,1,Clear,0,No,0000000,Not Applicable,21,9:00pm-9:59pm,29,29,22,10:00pm-10:59pm,7,7,22,10:00pm-10:59pm,42,42,1
1,Alabama,10377,0,0,3,3,0,3,3,113,RUSSELL (113),2440,PHENIX CITY,6,June,9,9,5,Thursday,2022,16,4:00pm-4:59pm,27,27,SR-165,NA,3,State Highway,2,Urban,4,Minor Arterial,1,State Highway Agency,0,This section IS NOT on the NHS,0,No Special Jurisdiction,310,310,32.40380556,32.40380556,-85.03489722,-85.03489722,12,Motor Vehicle In-Transport,1,Front-to-Rear,0,No,8,Driveway Access Related,1,Not an Intersection,1,On Roadway,0,None,1,Daylight,1,Clear,0,No,0000000,Not Applicable,16,4:00pm-4:59pm,30,30,16,4:00pm-4:59pm,39,39,17,5:00pm-5:59pm,17,17,1
1,Alabama,10378,0,0,1,1,0,1,1,89,MADISON (89),0,NOT APPLICABLE,6,June,10,10,6,Friday,2022,0,0:00am-0:59am,13,13,CR-WALL TRIANA HWY,NA,4,County Road,2,Urban,5,Major Collector,2,County Highway Agency,0,This section IS NOT on the NHS,0,No Special Jurisdiction,0,None,34.8005,34.8005,-86.74913333,-86.74913333,34,Ditch,0,The First Harmful Event was Not a Collision with a Motor Vehicle in Transport,0,No,1,Non-Junction,1,Not an Intersection,4,On Roadside,0,None,3,Dark - Lighted,1,Clear,0,No,0000000,Not Applicable,0,0:00am-0:59am,15,15,0,0:00am-0:59am,38,38,88,Not Applicable (Not Transported),88,Not Applicable (Not Transported),1
1,Alabama,10379,0,0,2,2,0,2,2,31,COFFEE (31),0,NOT APPLICABLE,6,June,10,10,6,Friday,2022,17,5:00pm-5:59pm,50,50,CR-105,NA,4,County Road,1,Rural,5,Major Collector,2,County Highway Agency,0,This section IS NOT on the NHS,0,No Special Jurisdiction,0,None,31.55326944,31.55326944,-85.852025,-85.852025,12,Motor Vehicle In-Transport,2,Front-to-Front,0,No,1,Non-Junction,1,Not an Intersection,1,On Roadway,0,None,1,Daylight,1,Clear,0,No,0000000,Not Applicable,99,Unknown,99,Unknown,99,Unknown EMS Scene Arrival Hour,99,Unknown EMS Scene Arrival Minutes,88,Not Applicable (Not Transported),88,Not Applicable (Not Transported),1
1,Alabama,10380,0,0,1,1,0,2,2,47,DALLAS (47),0,NOT APPLICABLE,6,June,10,10,6,Friday,2022,21,9:00pm-9:59pm,15,15,SR-22,NA,3,State Highway,1,Rural,4,Minor Arterial,1,State Highway Agency,0,This section IS NOT on the NHS,0,No Special Jurisdiction,117,117,32.34055833,32.34055833,-87.19928056,-87.19928056,5,Fell/Jumped from Vehicle,0,The First Harmful Event was Not a Collision with a Motor Vehicle in Transport,0,No,1,Non-Junction,1,Not an Intersection,1,On Roadway,0,None,2,Dark - Not Lighted,10,Cloudy,0,No,0000000,Not Applicable,99,Unknown,99,Unknown,99,Unknown EMS Scene Arrival Hour,99,Unknown EMS Scene Arrival Minutes,88,Not Applicable (Not Transported),88,Not Applicable (Not Transported),1
1,Alabama,10381,0,0,1,1,0,1,1,123,TALLAPOOSA (123),0,NOT APPLICABLE,6,June,11,11,7,Saturday,2022,6,6:00am-6:59am,29,29,US-280 SR-38,NA,2,US Highway,1,Rural,3,Principal Arterial - Other,1,State Highway Agency,1,This section IS ON the NHS,0,No Special Jurisdiction,935,935,32.73938056,32.73938056,-85.59449444,-85.59449444,59,Traffic Sign Support,0,The First Harmful Event was Not a Collision with a Motor Vehicle in Transport,0,No,1,Non-Junction,1,Not an Intersection,4,On Roadside,0,None,1,Daylight,1,Clear,0,No,0000000,Not Applicable,6,6:00am-6:59am,29,29,6,6:00am-6:59am,51,51,88,Not Applicable (Not Transported),88,Not Applicable (Not Transported),1