STATE,STATENAME,ST_CASE,PEDS,PERNOTMVIT,VE_TOTAL,VE_FORMS,PVH_INVL,PERSONS,PERMVIT,COUNTY,COUNTYNAME,CITY,CITYNAME,MONTH,MONTHNAME,DAY,DAYNAME,DAY_WEEK,DAY_WEEKNAME,YEAR,HOUR,HOURNAME,MINUTE,MINUTENAME,TWAY_ID,TWAY_ID2,ROUTE,ROUTENAME,RUR_URB,RUR_URBNAME,FUNC_SYS,FUNC_SYSNAME,RD_OWNER,RD_OWNERNAME,NHS,NHSNAME,SP_JUR,SP_JURNAME,MILEPT,MILEPTNAME,LATITUDE,LATITUDENAME,LONGITUD,LONGITUDNAME,HARM_EV,HARM_EVNAME,MAN_COLL,MAN_COLLNAME,RELJCT1,RELJCT1NAME,RELJCT2,RELJCT2NAME,TYP_INT,TYP_INTNAME,REL_ROAD,REL_ROADNAME,WRK_ZONE,WRK_ZONENAME,LGT_COND,LGT_CONDNAME,WEATHER,WEATHERNAME,SCH_BUS,SCH_BUSNAME,RAIL,RAILNAME,NOT_HOUR,NOT_HOURNAME,NOT_MIN,NOT_MINNAME,ARR_HOUR,ARR_HOURNAME,ARR_MIN,ARR_MINNAME,HOSP_HR,HOSP_HRNAME,HOSP_MN,HOSP_MNNAME,FATALS
1,Alabama,10459,0,0,1,1,0,1,1,123,TALLAPOOSA (123),0,NOT APPLICABLE,7,July,9,9,7,Saturday,2022,14,2:00pm-2:59pm,13,13,CR-OLD PROVIDENCE RD,NA,4,County Road,1,Rural,5,Major Collector,2,County Highway Agency,0,This section IS NOT on the NHS,0,No Special Jurisdiction,0,None,33.09719722,33.09719722,-85.92146944,-85.92146944,42,Tree (Standing Only),0,The First Harmful Event was Not a Collision with a Motor Vehicle in Transport,0,No,1,Non-Junction,1,Not an Intersection,4,On Roadside,0,None,1,Daylight,10,Cloudy,0,No,0000000,Not Applicable,99,Unknown,99,Unknown,99,Unknown EMS Scene Arrival Hour,99,Unknown EMS Scene Arrival Minutes,88,Not Applicable (Not Transported),88,Not Applicable (Not Transported),1
1,Alabama,10460,0,0,2,2,0,4,4,125,TUSCALOOSA (125),0,NOT APPLICABLE,7,July,9,9,7,Saturday,2022,20,8:00pm-8:59pm,1,1,I-59,NA,1,Interstate,1,Rural,1,Interstate,1,State Highway Agency,1,This section IS ON the NHS,0,No Special Jurisdiction,863,863,33.18859722,33.18859722,-87.29949167,-87.29949167,12,Motor Vehicle In-Transport,1,Front-to-Rear,0,No,1,Non-Junction,1,Not an Intersection,1,On Roadway,0,None,2,Dark - Not Lighted,2,Rain,0,No,0000000,Not Applicable,20,8:00pm-8:59pm,3,3,20,8:00pm-8:59pm,21,21,21,9:00pm-9:59pm,3,3,1
1,Alabama,10461,0,0,1,1,0,1,1,43,CULLMAN (43),0,NOT APPLICABLE,7,July,9,9,7,Saturday,2022,0,0:00am-0:59am,5,5,CR-565,NA,4,County Road,1,Rural,5,Major Collector,2,County Highway Agency,0,This section IS NOT on the NHS,0,No Special Jurisdiction,0,None,34.04926667,34.04926667,-86.83598333,-86.83598333,1,Rollover/Overturn,0,The First Harmful Event was Not a Collision with a Motor Vehicle in Transport,0,No,1,Non-Junction,1,Not an Intersection,4,On Roadside,0,None,2,Dark - Not Lighted,1,Clear,0,No,0000000,Not Applicable,99,Unknown,99,Unknown,99,Unknown EMS Scene Arrival Hour,99,Unknown EMS Scene Arrival Minutes,88,Not Applicable (Not Transported),88,Not Applicable (Not Transported),1
1,Alabama,10462,0,0,2,2,0,2,2,77,LAUDERDALE (77),0,NOT APPLICABLE,7,July,10,10,1,Sunday,2022,18,6:00pm-6:59pm,20,20,CR-8,NA,4,County Road,1,Rural,5,Major Collector,2,County Highway Agency,0,This section IS NOT on the NHS,0,No Special Jurisdiction,0,None,34.93185,34.93185,-87.78476667,-87.78476667,12,Motor Vehicle In-Transport,1,Front-to-Rear,0,No,1,Non-Junction,1,Not an Intersection,1,On Roadway,0,None,1,Daylight,1,Clear,0,No,0000000,Not Applicable,18,6:00pm-6:59pm,20,20,18,6:00pm-6:59pm,30,30,88,Not Applicable (Not Transported),88,Not Applicable (Not Transported),1
1,Alabama,10463,0,0,1,1,0,1,1,19,CHEROKEE (19),0,NOT APPLICABLE,7,July,10,10,1,Sunday,2022,18,6:00pm-6:59pm,20,20,CR-22,NA,4,County Road,1,Rural,5,Major Collector,2,County Highway Agency,0,This section IS NOT on the NHS,0,No Special Jurisdiction,0,None,34.18128333,34.18128333,-85.52413889,-85.52413889,32,Culvert,0,The First Harmful Event was Not a Collision with a Motor Vehicle in Transport,0,No,1,Non-Junction,1,Not an Intersection,4,On Roadside,0,None,1,Daylight,10,Cloudy,0,No,0000000,Not Applicable,18,6:00pm-6:59pm,20,20,18,6:00pm-6:59pm,40,40,99,Unknown,99,Unknown EMS Hospital Arrival Time,1
1,Alabama,10464,0,0,1,1,0,1,1,127,WALKER (127),0,NOT APPLICABLE,7,July,11,11,2,Monday,2022,1,1:00am-1:59am,52,52,SR-269,NA,3,State Highway,1,Rural,5,Major Collector,1,State Highway Agency,0,This section IS NOT on the NHS,0,No Special Jurisdiction,317,317,33.695886109999996,33.695886109999996,-87.25388611,-87.25388611,32,Culvert,0,The First Harmful Event was Not a Collision with a Motor Vehicle in Transport,0,No,1,Non-Junction,1,Not an Intersection,4,On Roadside,0,None,2,Dark - Not Lighted,1,Clear,0,No,0000000,Not Applicable,1,1:00am-1:59am,59,59,2,2:00am-2:59am,19,19,88,Not Applicable (Not Transported),88,Not Applicable (Not Transported),1
1,Alabama,10465,2,3,2,1,1,2,1,81,LEE (81),2340,OPELIKA,7,July,11,11,2,Monday,2022,15,3:00pm-3:59pm,35,35,SR-51,NA,3,State Highway,2,Urban,4,Minor Arterial,1,State Highway Agency,0,This section IS NOT on the NHS,0,No Special Jurisdiction,0,None,32.61624167,32.61624167,-85.37141944,-85.37141944,45,Working Motor Vehicle,0,The First Harmful Event was Not a Collision with a Motor Vehicle in Transport,0,No,1,Non-Junction,1,Not an Intersection,1,On Roadway,1,Construction,1,Daylight,1,Clear,0,No,0000000,Not Applicable,15,3:00pm-3:59pm,41,41,15,3:00pm-3:59pm,47,47,16,4:00pm-4:59pm,41,41,1
1,Alabama,10466,1,1,1,1,0,1,1,95,MARSHALL (95),50,ALBERTVILLE,7,July,11,11,2,Monday,2022,1,1:00am-1:59am,56,56,US-431 SR-1,NA,2,US Highway,2,Urban,3,Principal Arterial - Other,1,State Highway Agency,1,This section IS ON the NHS,0,No Special Jurisdiction,2840,2840,34.2654,34.2654,-86.19198056,-86.19198056,8,Pedestrian,0,The First Harmful Event was Not a Collision with a Motor Vehicle in Transport,0,No,1,Non-Junction,1,Not an Intersection,1,On Roadway,0,None,2,Dark - Not Lighted,1,Clear,0,No,0000000,Not Applicable,99,Unknown,99,Unknown,2,2:00am-2:59am,7,7,88,Not Applicable (Not Transported),88,Not Applicable (Not Transported),1
1,Alabama,10467,0,0,3,3,0,3,3,55,ETOWAH (55),1280,GADSDEN,7,July,11,11,2,Monday,2022,13,1:00pm-1:59pm,39,39,SR-211,NA,3,State Highway,2,Urban,4,Minor Arterial,1,State Highway Agency,0,This section IS NOT on the NHS,0,No Special Jurisdiction,14,14,34.03778611,34.03778611,-86.022075,-86.022075,1,Rollover/Overturn,0,The First Harmful Event was Not a Collision with a Motor Vehicle in Transport,0,No,8,Driveway Access Related,1,Not an Intersection,1,On Roadway,0,None,1,Daylight,1,Clear,0,No,0000000,Not Applicable,13,1:00pm-1:59pm,42,42,13,1:00pm-1:59pm,48,48,14,2:00pm-2:59pm,16,16,1
1,Alabama,10468,1,1,1,1,0,1,1,121,TALLADEGA (121),1870,LINCOLN,7,July,12,12,3,Tuesday,2022,8,8:00am-8:59am,1,1,SPEEDWAY BLVD,NA,6,Local Street - Municipality,1,Rural,5,Major Collector,4,City or Municipal Highway Agency,0,This section IS NOT on the NHS,0,No Special Jurisdiction,0,None,33.58135278,33.58135278,-86.10919444,-86.10919444,9,Pedalcyclist,0,The First Harmful Event was Not a Collision with a Motor Vehicle in Transport,0,No,1,Non-Junction,1,Not an Intersection,1,On Roadway,0,None,1,Daylight,1,Clear,0,No,0000000,Not Applicable,8,8:00am-8:59am,1,1,8,8:00am-8:59am,7,7,88,Not Applicable (Not Transported),88,Not Applicable (Not Transported),1
1,Alabama,10469,0,0,1,1,0,1,1,125,TUSCALOOSA (125),3050,TUSCALOOSA,7,July,13,13,4,Wednesday,2022,0,0:00am-0:59am,32,32,QUEEN CITY AVE,NA,6,Local Street - Municipality,2,Urban,5,Major Collector,4,City or Municipal Highway Agency,0,This section IS NOT on the NHS,0,No Special Jurisdiction,0,None,33.19850278,33.19850278,-87.5604,-87.5604,10,Railway Vehicle,0,The First Harmful Event was Not a Collision with a Motor Vehicle in Transport,0,No,6,Railway Grade Crossing,1,Not an Intersection,1,On Roadway,0,None,3,Dark - Lighted,1,Clear,0,No,306359C,306359C,0,0:00am-0:59am,32,32,0,0:00am-0:59am,35,35,88,Not Applicable (Not Transported),88,Not Applicable (Not Transported),1
1,Alabama,10470,1,1,1,1,0,1,1,55,ETOWAH (55),1280,GADSDEN,7,July,13,13,4,Wednesday,2022,17,5:00pm-5:59pm,53,53,MADISON AVE,HOWELL ST,6,Local Street - Municipality,2,Urban,7,Local,4,City or Municipal Highway Agency,0,This section IS NOT on the NHS,0,No Special Jurisdiction,0,None,34.01729167,34.01729167,-86.06753889,-86.06753889,9,Pedalcyclist,0,The First Harmful Event was Not a Collision with a Motor Vehicle in Transport,0,No,2,Intersection,2,Four-Way Intersection,1,On Roadway,0,None,1,Daylight,1,Clear,0,No,0000000,Not Applicable,17,5:00pm-5:59pm,58,58,18,6:00pm-6:59pm,4,4,18,6:00pm-6:59pm,14,14,1
1,Alabama,10471,0,0,2,2,0,3,3,73,JEFFERSON (73),350,BIRMINGHAM,7,July,13,13,4,Wednesday,2022,23,11:00pm-11:59pm,50,50,US-280 SR-38,GRANDVIEW PKWY,2,US Highway,2,Urban,3,Principal Arterial - Other,1,State Highway Agency,1,This section IS ON the NHS,0,No Special Jurisdiction,14,14,33.43850556,33.43850556,-86.72385833,-86.72385833,12,Motor Vehicle In-Transport,6,Angle,0,No,2,Intersection,2,Four-Way Intersection,1,On Roadway,0,None,3,Dark - Lighted,1,Clear,0,No,0000000,Not Applicable,23,11:00pm-11:59pm,50,50,0,0:00am-0:59am,8,8,99,Unknown,99,Unknown EMS Hospital Arrival Time,1
1,Alabama,10472,0,0,1,1,0,3,3,87,MACON (87),0,NOT APPLICABLE,7,July,14,14,5,Thursday,2022,19,7:00pm-7:59pm,36,36,US-29 SR-15,NA,2,US Highway,1,Rural,4,Minor Arterial,1,State Highway Agency,0,This section IS NOT on the NHS,0,No Special Jurisdiction,1599,1599,32.36564722,32.36564722,-85.65853889,-85.65853889,34,Ditch,0,The First Harmful Event was Not a Collision with a Motor Vehicle in Transport,0,No,1,Non-Junction,1,Not an Intersection,4,On Roadside,0,None,5,Dusk,10,Cloudy,0,No,0000000,Not Applicable,19,7:00pm-7:59pm,34,34,19,7:00pm-7:59pm,46,46,20,8:00pm-8:59pm,43,43,1
1,Alabama,10473,0,0,2,2,0,3,3,83,LIMESTONE (83),0,NOT APPLICABLE,7,July,14,14,5,Thursday,2022,14,2:00pm-2:59pm,15,15,CR-BETHEL RD,OLD SCHOOLHOUSE RD,4,County Road,1,Rural,6,Minor Collector,2,County Highway Agency,0,This section IS NOT on the NHS,0,No Special Jurisdiction,0,None,34.93335278,34.93335278,-86.79808056,-86.79808056,12,Motor Vehicle In-Transport,6,Angle,0,No,2,Intersection,2,Four-Way Intersection,1,On Roadway,0,None,1,Daylight,1,Clear,0,No,0000000,Not Applicable,14,2:00pm-2:59pm,15,15,14,2:00pm-2:59pm,19,19,14,2:00pm-2:59pm,42,42,1
1,Alabama,10474,0,0,1,1,0,1,1,15,CALHOUN (15),0,NOT APPLICABLE,7,July,14,14,5,Thursday,2022,14,2:00pm-2:59pm,26,26,I-20,NA,1,Interstate,1,Rural,1,Interstate,1,State Highway Agency,1,This section IS ON the NHS,0,No Special Jurisdiction,1936,1936,33.61632778,33.61632778,-85.69358889,-85.69358889,34,Ditch,0,The First Harmful Event was Not a Collision with a Motor Vehicle in Transport,0,No,1,Non-Junction,1,Not an Intersection,4,On Roadside,0,None,1,Daylight,1,Clear,0,No,0000000,Not Applicable,14,2:00pm-2:59pm,30,30,14,2:00pm-2:59pm,47,47,88,Not Applicable (Not Transported),88,Not Applicable (Not Transported),1
1,Alabama,10475,1,1,2,1,1,1,1,71,JACKSON (71),2720,SCOTTSBORO,7,July,14,14,5,Thursday,2022,8,8:00am-8:59am,49,49,S HOUSTON ST,NA,6,Local Street - Municipality,2,Urban,7,Local,4,City or Municipal Highway Agency,0,This section IS NOT on the NHS,0,No Special Jurisdiction,0,None,34.67038056,34.67038056,-86.03730556,-86.03730556,14,Parked Motor Vehicle,0,The First Harmful Event was Not a Collision with a Motor Vehicle in Transport,0,No,1,Non-Junction,1,Not an Intersection,7,In Parking Lane/Zone,0,None,1,Daylight,1,Clear,0,No,0000000,Not Applicable,8,8:00am-8:59am,51,51,8,8:00am-8:59am,56,56,9,9:00am-9:59am,55,55,1
1,Alabama,10476,0,0,1,1,0,4,4,19,CHEROKEE (19),0,NOT APPLICABLE,7,July,16,16,7,Saturday,2022,21,9:00pm-9:59pm,20,20,CR-19,NA,4,County Road,1,Rural,5,Major Collector,2,County Highway Agency,0,This section IS NOT on the NHS,0,No Special Jurisdiction,0,None,33.98699444,33.98699444,-85.71124444,-85.71124444,34,Ditch,0,The First Harmful Event was Not a Collision with a Motor Vehicle in Transport,0,No,1,Non-Junction,1,Not an Intersection,4,On Roadside,0,None,2,Dark - Not Lighted,1,Clear,0,No,0000000,Not Applicable,21,9:00pm-9:59pm,20,20,21,9:00pm-9:59pm,35,35,99,Unknown,99,Unknown EMS Hospital Arrival Time,1
1,Alabama,10477,1,1,1,1,0,1,1,33,COLBERT (33),0,NOT APPLICABLE,7,July,20,20,4,Wednesday,2022,20,8:00pm-8:59pm,35,35,CR-RIVER RD,NA,4,County Road,1,Rural,4,Minor Arterial,2,County Highway Agency,0,This section IS NOT on the NHS,0,No Special Jurisdiction,0,None,34.78708056,34.78708056,-87.58293333,-87.58293333,8,Pedestrian,0,The First Harmful Event was Not a Collision with a Motor Vehicle in Transport,0,No,1,Non-Junction,1,Not an Intersection,1,On Roadway,0,None,2,Dark - Not Lighted,1,Clear,0,No,0000000,Not Applicable,20,8:00pm-8:59pm,35,35,20,8:00pm-8:59pm,45,45,88,Not Applicable (Not Transported),88,Not Applicable (Not Transported),1
1,Alabama,10478,0,0,2,2,0,2,2,117,SHELBY (117),530,CALERA,7,July,20,20,4,Wednesday,2022,7,7:00am-7:59am,49,49,SR-70,WATERFORD PKWY,3,State Highway,2,Urban,4,Minor Arterial,1,State Highway Agency,0,This section IS NOT on the NHS,0,No Special Jurisdiction,30,30,33.15924444,33.15924444,-86.72259444,-86.72259444,12,Motor Vehicle In-Transport,6,Angle,0,No,2,Intersection,3,T-Intersection,1,On Roadway,0,None,1,Daylight,1,Clear,0,No,0000000,Not Applicable,7,7:00am-7:59am,49,49,7,7:00am-7:59am,57,57,88,Not Applicable (Not Transported),88,Not Applicable (Not Transported),1
1,Alabama,10479,0,0,1,1,0,1,1,19,CHEROKEE (19),0,NOT APPLICABLE,7,July,22,22,6,Friday,2022,9,9:00am-9:59am,22,22,CR-22,NA,4,County Road,1,Rural,5,Major Collector,2,County Highway Agency,0,This section IS NOT on the NHS,0,No Special Jurisdiction,0,None,34.13520278,34.13520278,-85.57170556,-85.57170556,34,Ditch,0,The First Harmful Event was Not a Collision with a Motor Vehicle in Transport,0,No,1,Non-Junction,1,Not an Intersection,4,On Roadside,0,None,1,Daylight,1,Clear,0,No,0000000,Not Applicable,9,9:00am-9:59am,26,26,9,9:00am-9:59am,32,32,9,9:00am-9:59am,55,55,1
1,Alabama,10480,0,0,1,1,0,1,1,21,CHILTON (21),0,NOT APPLICABLE,7,July,22,22,6,Friday,2022,16,4:00pm-4:59pm,40,40,CR-37,NA,4,County Road,1,Rural,5,Major Collector,2,County Highway Agency,0,This section IS NOT on the NHS,0,No Special Jurisdiction,0,None,32.74724444,32.74724444,-86.71897778,-86.71897778,34,Ditch,0,The First Harmful Event was Not a Collision with a Motor Vehicle in Transport,0,No,1,Non-Junction,1,Not an Intersection,4,On Roadside,0,None,1,Daylight,1,Clear,0,No,0000000,Not Applicable,16,4:00pm-4:59pm,39,39,16,4:00pm-4:59pm,49,49,88,Not Applicable (Not Transported),88,Not Applicable (Not Transported),1
1,Alabama,10481,0,0,3,3,0,5,5,83,LIMESTONE (83),0,NOT APPLICABLE,7,July,21,21,5,Thursday,2022,18,6:00pm-6:59pm,7,7,US-72 SR-2,NEWBY RD,2,US Highway,1,Rural,3,Principal Arterial - Other,1,State Highway Agency,1,This section IS ON the NHS,0,No Special Jurisdiction,826,826,34.76358611,34.76358611,-86.85927222,-86.85927222,12,Motor Vehicle In-Transport,6,Angle,0,No,2,Intersection,2,Four-Way Intersection,1,On Roadway,0,None,1,Daylight,1,Clear,0,No,0000000,Not Applicable,18,6:00pm-6:59pm,7,7,18,6:00pm-6:59pm,30,30,19,7:00pm-7:59pm,23,23,1
1,Alabama,10482,0,0,4,4,0,7,7,97,MOBILE (97),0,NOT APPLICABLE,7,July,20,20,4,Wednesday,2022,12,12:00pm-12:59pm,50,50,I-65,NA,1,Interstate,2,Urban,1,Interstate,1,State Highway Agency,1,This section IS ON the NHS,0,No Special Jurisdiction,208,208,30.88645833,30.88645833,-88.02936944,-88.02936944,12,Motor Vehicle In-Transport,1,Front-to-Rear,0,No,1,Non-Junction,1,Not an Intersection,1,On Roadway,0,None,1,Daylight,10,Cloudy,0,No,0000000,Not Applicable,99,Unknown,99,Unknown,13,1:00pm-1:59pm,12,12,88,Not Applicable (Not Transported),88,Not Applicable (Not Transported),2
1,Alabama,10483,0,0,2,2,0,2,2,79,LAWRENCE (79),0,NOT APPLICABLE,7,July,23,23,7,Saturday,2022,17,5:00pm-5:59pm,30,30,SR-33,NA,3,State Highway,1,Rural,5,Major Collector,1,State Highway Agency,0,This section IS NOT on the NHS,0,No Special Jurisdiction,206,206,34.41363056,34.41363056,-87.30894167,-87.30894167,12,Motor Vehicle In-Transport,2,Front-to-Front,0,No,1,Non-Junction,1,Not an Intersection,1,On Roadway,0,None,1,Daylight,1,Clear,0,No,0000000,Not Applicable,17,5:00pm-5:59pm,33,33,17,5:00pm-5:59pm,47,47,18,6:00pm-6:59pm,4,4,1
1,Alabama,10484,0,0,1,1,0,1,1,23,CHOCTAW (23),0,NOT APPLICABLE,7,July,24,24,1,Sunday,2022,22,10:00pm-10:59pm,15,15,CR-14,NA,4,County Road,1,Rural,5,Major Collector,2,County Highway Agency,0,This section IS NOT on the NHS,0,No Special Jurisdiction,0,None,31.84175833,31.84175833,-88.22741667,-88.22741667,42,Tree (Standing Only),0,The First Harmful Event was Not a Collision with a Motor Vehicle in Transport,0,No,1,Non-Junction,1,Not an Intersection,4,On Roadside,0,None,2,Dark - Not Lighted,1,Clear,0,No,0000000,Not Applicable,99,Unknown,99,Unknown,0,0:00am-0:59am,50,50,88,Not Applicable (Not Transported),88,Not Applicable (Not Transported),1
1,Alabama,10485,0,0,1,1,0,1,1,95,MARSHALL (95),50,ALBERTVILLE,7,July,24,24,1,Sunday,2022,23,11:00pm-11:59pm,17,17,NELSON RD,SOLITUDE AVE,6,Local Street - Municipality,2,Urban,7,Local,4,City or Municipal Highway Agency,0,This section IS NOT on the NHS,0,No Special Jurisdiction,0,None,34.27991667,34.27991667,-86.23811667,-86.23811667,42,Tree (Standing Only),0,The First Harmful Event was Not a Collision with a Motor Vehicle in Transport,0,No,3,Intersection-Related,4,Y-Intersection,4,On Roadside,0,None,2,Dark - Not Lighted,1,Clear,0,No,0000000,Not Applicable,23,11:00pm-11:59pm,17,17,23,11:00pm-11:59pm,23,23,88,Not Applicable (Not Transported),88,Not Applicable (Not Transported),1
1,Alabama,10486,0,0,1,1,0,1,1,73,JEFFERSON (73),350,BIRMINGHAM,7,July,24,24,1,Sunday,2022,14,2:00pm-2:59pm,22,22,I-59,NA,1,Interstate,2,Urban,1,Interstate,1,State Highway Agency,1,This section IS ON the NHS,0,No Special Jurisdiction,1210,1210,33.51046389,33.51046389,-86.87810556,-86.87810556,24,Guardrail Face,0,The First Harmful Event was Not a Collision with a Motor Vehicle in Transport,0,No,1,Non-Junction,1,Not an Intersection,4,On Roadside,0,None,1,Daylight,1,Clear,0,No,0000000,Not Applicable,14,2:00pm-2:59pm,22,22,14,2:00pm-2:59pm,38,38,88,Not Applicable (Not Transported),88,Not Applicable (Not Transported),1
1,Alabama,10487,0,0,2,2,0,2,2,103,MORGAN (103),0,NOT APPLICABLE,7,July,24,24,1,Sunday,2022,20,8:00pm-8:59pm,30,30,US-231 SR-53,apple grove rd,2,US Highway,1,Rural,3,Principal Arterial - Other,1,State Highway Agency,1,This section IS ON the NHS,0,No Special Jurisdiction,3004,3004,34.500775,34.500775,-86.60116944,-86.60116944,12,Motor Vehicle In-Transport,6,Angle,0,No,2,Intersection,2,Four-Way Intersection,1,On Roadway,0,None,2,Dark - Not Lighted,1,Clear,0,No,0000000,Not Applicable,20,8:00pm-8:59pm,34,34,21,9:00pm-9:59pm,0,0,88,Not Applicable (Not Transported),88,Not Applicable (Not Transported),1
1,Alabama,10488,0,0,1,1,0,1,1,87,MACON (87),0,NOT APPLICABLE,7,July,24,24,1,Sunday,2022,2,2:00am-2:59am,30,30,US-29 SR-15,NA,2,US Highway,1,Rural,5,Major Collector,1,State Highway Agency,0,This section IS NOT on the NHS,0,No Special Jurisdiction,1730,1730,32.47906944,32.47906944,-85.56277778,-85.56277778,32,Culvert,0,The First Harmful Event was Not a Collision with a Motor Vehicle in Transport,0,No,1,Non-Junction,1,Not an Intersection,4,On Roadside,0,None,2,Dark - Not Lighted,1,Clear,0,No,0000000,Not Applicable,99,Unknown,99,Unknown,6,6:00am-6:59am,20,20,88,Not Applicable (Not Transported),88,Not Applicable (Not Transported),1
1,Alabama,10489,0,0,2,2,0,3,3,73,JEFFERSON (73),0,NOT APPLICABLE,7,July,25,25,2,Monday,2022,1,1:00am-1:59am,24,24,US-11 SR-7,NA,2,US Highway,2,Urban,3,Principal Arterial - Other,1,State Highway Agency,0,This section IS NOT on the NHS,0,No Special Jurisdiction,1491,1491,33.61794444,33.61794444,-86.61387222,-86.61387222,12,Motor Vehicle In-Transport,2,Front-to-Front,0,No,1,Non-Junction,1,Not an Intersection,1,On Roadway,0,None,2,Dark - Not Lighted,1,Clear,0,No,0000000,Not Applicable,1,1:00am-1:59am,24,24,1,1:00am-1:59am,29,29,88,Not Applicable (Not Transported),88,Not Applicable (Not Transported),1
1,Alabama,10490,0,0,5,5,0,8,8,101,MONTGOMERY (101),2130,MONTGOMERY,7,July,25,25,2,Monday,2022,10,10:00am-10:59am,54,54,VAUGHN RD,NA,6,Local Street - Municipality,2,Urban,3,Principal Arterial - Other,4,City or Municipal Highway Agency,0,This section IS NOT on the NHS,0,No Special Jurisdiction,0,None,32.34156944,32.34156944,-86.21133889,-86.21133889,12,Motor Vehicle In-Transport,98,Not Reported,0,No,1,Non-Junction,1,Not an Intersection,1,On Roadway,0,None,1,Daylight,1,Clear,0,No,0000000,Not Applicable,10,10:00am-10:59am,56,56,11,11:00am-11:59am,10,10,11,11:00am-11:59am,41,41,1
1,Alabama,10491,0,0,1,1,0,2,2,55,ETOWAH (55),0,NOT APPLICABLE,7,July,25,25,2,Monday,2022,19,7:00pm-7:59pm,11,11,I-59,NA,1,Interstate,2,Urban,1,Interstate,1,State Highway Agency,1,This section IS ON the NHS,0,No Special Jurisdiction,1868,1868,34.05955278,34.05955278,-86.03648333,-86.03648333,42,Tree (Standing Only),0,The First Harmful Event was Not a Collision with a Motor Vehicle in Transport,0,No,1,Non-Junction,1,Not an Intersection,4,On Roadside,0,None,1,Daylight,1,Clear,0,No,0000000,Not Applicable,19,7:00pm-7:59pm,7,7,19,7:00pm-7:59pm,17,17,99,Unknown,99,Unknown EMS Hospital Arrival Time,1
1,Alabama,10492,0,0,2,2,0,2,2,55,ETOWAH (55),0,NOT APPLICABLE,7,July,26,26,3,Tuesday,2022,20,8:00pm-8:59pm,37,37,I-59,NA,1,Interstate,1,Rural,1,Interstate,1,State Highway Agency,1,This section IS ON the NHS,0,No Special Jurisdiction,1768,1768,33.95441667,33.95441667,-86.14239444,-86.14239444,12,Motor Vehicle In-Transport,1,Front-to-Rear,0,No,1,Non-Junction,1,Not an Intersection,1,On Roadway,0,None,2,Dark - Not Lighted,1,Clear,0,No,0000000,Not Applicable,20,8:00pm-8:59pm,37,37,20,8:00pm-8:59pm,47,47,88,Not Applicable (Not Transported),88,Not Applicable (Not Transported),1
1,Alabama,10493,0,0,1,1,0,1,1,127,WALKER (127),0,NOT APPLICABLE,7,July,28,28,5,Thursday,2022,19,7:00pm-7:59pm,57,57,CR-BARNEY LOOP,NA,4,County Road,1,Rural,7,Local,2,County Highway Agency,0,This section IS NOT on the NHS,0,No Special Jurisdiction,0,None,33.72855,33.72855,-87.15045,-87.15045,42,Tree (Standing Only),0,The First Harmful Event was Not a Collision with a Motor Vehicle in Transport,0,No,1,Non-Junction,1,Not an Intersection,4,On Roadside,0,None,2,Dark - Not Lighted,1,Clear,0,No,0000000,Not Applicable,19,7:00pm-7:59pm,59,59,20,8:00pm-8:59pm,35,35,88,Not Applicable (Not Transported),88,Not Applicable (Not Transported),1
1,Alabama,10494,0,0,1,1,0,1,1,55,ETOWAH (55),0,NOT APPLICABLE,7,July,28,28,5,Thursday,2022,18,6:00pm-6:59pm,20,20,CR-OLD GALLANT RD,NA,4,County Road,1,Rural,7,Local,2,County Highway Agency,0,This section IS NOT on the NHS,0,No Special Jurisdiction,0,None,34.01959167,34.01959167,-86.203625,-86.203625,42,Tree (Standing Only),0,The First Harmful Event was Not a Collision with a Motor Vehicle in Transport,0,No,1,Non-Junction,1,Not an Intersection,4,On Roadside,0,None,1,Daylight,1,Clear,0,No,0000000,Not Applicable,18,6:00pm-6:59pm,27,27,18,6:00pm-6:59pm,37,37,88,Not Applicable (Not Transported),88,Not Applicable (Not Transported),1
1,Alabama,10495,0,0,1,1,0,1,1,67,HENRY (67),0,NOT APPLICABLE,7,July,29,29,6,Friday,2022,5,5:00am-5:59am,20,20,US-431 SR-1,NA,2,US Highway,1,Rural,3,Principal Arterial - Other,1,State Highway Agency,1,This section IS ON the NHS,0,No Special Jurisdiction,466,466,31.64971389,31.64971389,-85.28068056,-85.28068056,42,Tree (Standing Only),0,The First Harmful Event was Not a Collision with a Motor Vehicle in Transport,0,No,1,Non-Junction,1,Not an Intersection,4,On Roadside,0,None,4,Dawn,5,"Fog, Smog, Smoke",0,No,0000000,Not Applicable,5,5:00am-5:59am,19,19,5,5:00am-5:59am,31,31,88,Not Applicable (Not Transported),88,Not Applicable (Not Transported),1
1,Alabama,10496,0,0,2,2,0,3,3,125,TUSCALOOSA (125),0,NOT APPLICABLE,7,July,29,29,6,Friday,2022,22,10:00pm-10:59pm,0,0,CR-140,SIPSEY VALLEY RD N,4,County Road,1,Rural,5,Major Collector,2,County Highway Agency,0,This section IS NOT on the NHS,0,No Special Jurisdiction,0,None,33.25712778,33.25712778,-87.75293056,-87.75293056,12,Motor Vehicle In-Transport,2,Front-to-Front,0,No,2,Intersection,3,T-Intersection,1,On Roadway,0,None,2,Dark - Not Lighted,10,Cloudy,0,No,0000000,Not Applicable,22,10:00pm-10:59pm,7,7,22,10:00pm-10:59pm,25,25,22,10:00pm-10:59pm,52,52,1