STATE,STATENAME,ST_CASE,PEDS,PERNOTMVIT,VE_TOTAL,VE_FORMS,PVH_INVL,PERSONS,PERMVIT,COUNTY,COUNTYNAME,CITY,CITYNAME,MONTH,MONTHNAME,DAY,DAYNAME,DAY_WEEK,DAY_WEEKNAME,YEAR,HOUR,HOURNAME,MINUTE,MINUTENAME,TWAY_ID,TWAY_ID2,ROUTE,ROUTENAME,RUR_URB,RUR_URBNAME,FUNC_SYS,FUNC_SYSNAME,RD_OWNER,RD_OWNERNAME,NHS,NHSNAME,SP_JUR,SP_JURNAME,MILEPT,MILEPTNAME,LATITUDE,LATITUDENAME,LONGITUD,LONGITUDNAME,HARM_EV,HARM_EVNAME,MAN_COLL,MAN_COLLNAME,RELJCT1,RELJCT1NAME,RELJCT2,RELJCT2NAME,TYP_INT,TYP_INTNAME,REL_ROAD,REL_ROADNAME,WRK_ZONE,WRK_ZONENAME,LGT_COND,LGT_CONDNAME,WEATHER,WEATHERNAME,SCH_BUS,SCH_BUSNAME,RAIL,RAILNAME,NOT_HOUR,NOT_HOURNAME,NOT_MIN,NOT_MINNAME,ARR_HOUR,ARR_HOURNAME,ARR_MIN,ARR_MINNAME,HOSP_HR,HOSP_HRNAME,HOSP_MN,HOSP_MNNAME,FATALS
1,Alabama,10614,0,0,1,1,0,1,1,9,BLOUNT (9),2330,ONEONTA,9,September,6,6,3,Tuesday,2022,9,9:00am-9:59am,19,19,HIGH SCHOOL ST,NA,6,Local Street - Municipality,2,Urban,4,Minor Arterial,4,City or Municipal Highway Agency,0,This section IS NOT on the NHS,0,No Special Jurisdiction,0,None,33.94814444,33.94814444,-86.47258333,-86.47258333,43,Other Fixed Object,0,The First Harmful Event was Not a Collision with a Motor Vehicle in Transport,0,No,1,Non-Junction,1,Not an Intersection,5,Outside Trafficway,0,None,1,Daylight,10,Cloudy,0,No,0000000,Not Applicable,9,9:00am-9:59am,24,24,9,9:00am-9:59am,30,30,88,Not Applicable (Not Transported),88,Not Applicable (Not Transported),1
1,Alabama,10615,0,0,1,1,0,2,2,89,MADISON (89),0,NOT APPLICABLE,9,September,6,6,3,Tuesday,2022,11,11:00am-11:59am,50,50,CR-CHERRY TREE RD,NA,4,County Road,1,Rural,5,Major Collector,2,County Highway Agency,0,This section IS NOT on the NHS,0,No Special Jurisdiction,0,None,34.61390833,34.61390833,-86.37498611,-86.37498611,1,Rollover/Overturn,0,The First Harmful Event was Not a Collision with a Motor Vehicle in Transport,0,No,1,Non-Junction,1,Not an Intersection,1,On Roadway,0,None,1,Daylight,1,Clear,0,No,0000000,Not Applicable,11,11:00am-11:59am,57,57,12,12:00pm-12:59pm,19,19,12,12:00pm-12:59pm,51,51,1
1,Alabama,10616,0,0,2,2,0,3,3,103,MORGAN (103),0,NOT APPLICABLE,9,September,6,6,3,Tuesday,2022,8,8:00am-8:59am,50,50,SR-36,NA,3,State Highway,1,Rural,4,Minor Arterial,1,State Highway Agency,0,This section IS NOT on the NHS,0,No Special Jurisdiction,355,355,34.46895556,34.46895556,-86.70491944,-86.70491944,12,Motor Vehicle In-Transport,2,Front-to-Front,0,No,1,Non-Junction,1,Not an Intersection,1,On Roadway,0,None,1,Daylight,1,Clear,0,No,0000000,Not Applicable,8,8:00am-8:59am,55,55,9,9:00am-9:59am,2,2,9,9:00am-9:59am,51,51,1
1,Alabama,10617,1,1,1,1,0,1,1,101,MONTGOMERY (101),2130,MONTGOMERY,9,September,7,7,4,Wednesday,2022,2,2:00am-2:59am,32,32,E SOUTH BLVD SERVICE RD,IVY LANE,6,Local Street - Municipality,2,Urban,7,Local,4,City or Municipal Highway Agency,0,This section IS NOT on the NHS,0,No Special Jurisdiction,0,None,32.32693333,32.32693333,-86.28846667,-86.28846667,8,Pedestrian,0,The First Harmful Event was Not a Collision with a Motor Vehicle in Transport,0,No,3,Intersection-Related,3,T-Intersection,1,On Roadway,0,None,6,Dark - Unknown Lighting,1,Clear,0,No,0000000,Not Applicable,2,2:00am-2:59am,58,58,3,3:00am-3:59am,11,11,3,3:00am-3:59am,23,23,1
1,Alabama,10618,0,0,1,1,0,1,1,83,LIMESTONE (83),0,NOT APPLICABLE,9,September,7,7,4,Wednesday,2022,13,1:00pm-1:59pm,53,53,US-72 SR-2,NA,2,US Highway,2,Urban,3,Principal Arterial - Other,1,State Highway Agency,1,This section IS ON the NHS,0,No Special Jurisdiction,838,838,34.75228333,34.75228333,-86.82433611,-86.82433611,30,Utility Pole/Light Support,0,The First Harmful Event was Not a Collision with a Motor Vehicle in Transport,0,No,1,Non-Junction,1,Not an Intersection,4,On Roadside,0,None,1,Daylight,1,Clear,0,No,0000000,Not Applicable,13,1:00pm-1:59pm,59,59,14,2:00pm-2:59pm,12,12,88,Not Applicable (Not Transported),88,Not Applicable (Not Transported),1
1,Alabama,10619,0,0,2,2,0,5,5,83,LIMESTONE (83),0,NOT APPLICABLE,9,September,9,9,6,Friday,2022,7,7:00am-7:59am,25,25,CR-ZEHNER RD,RIPLEY RD,4,County Road,1,Rural,5,Major Collector,2,County Highway Agency,0,This section IS NOT on the NHS,0,No Special Jurisdiction,0,None,34.75399722,34.75399722,-87.07228611,-87.07228611,12,Motor Vehicle In-Transport,6,Angle,0,No,2,Intersection,2,Four-Way Intersection,1,On Roadway,0,None,1,Daylight,1,Clear,0,No,0000000,Not Applicable,7,7:00am-7:59am,29,29,7,7:00am-7:59am,43,43,8,8:00am-8:59am,42,42,1
1,Alabama,10620,0,0,2,2,0,3,3,85,LOWNDES (85),0,NOT APPLICABLE,9,September,9,9,6,Friday,2022,16,4:00pm-4:59pm,27,27,I-65,NA,1,Interstate,1,Rural,1,Interstate,1,State Highway Agency,1,This section IS ON the NHS,0,No Special Jurisdiction,1548,1548,32.15730278,32.15730278,-86.43569722,-86.43569722,12,Motor Vehicle In-Transport,1,Front-to-Rear,0,No,1,Non-Junction,1,Not an Intersection,1,On Roadway,0,None,1,Daylight,10,Cloudy,0,No,0000000,Not Applicable,16,4:00pm-4:59pm,27,27,16,4:00pm-4:59pm,43,43,99,Unknown,99,Unknown EMS Hospital Arrival Time,1
1,Alabama,10621,0,0,1,1,0,1,1,55,ETOWAH (55),0,NOT APPLICABLE,9,September,10,10,7,Saturday,2022,18,6:00pm-6:59pm,40,40,CR-CENTRE RD,NA,4,County Road,1,Rural,5,Major Collector,2,County Highway Agency,0,This section IS NOT on the NHS,0,No Special Jurisdiction,0,None,34.04537778,34.04537778,-85.81449444,-85.81449444,32,Culvert,0,The First Harmful Event was Not a Collision with a Motor Vehicle in Transport,0,No,1,Non-Junction,1,Not an Intersection,4,On Roadside,0,None,3,Dark - Lighted,10,Cloudy,0,No,0000000,Not Applicable,18,6:00pm-6:59pm,40,40,18,6:00pm-6:59pm,50,50,88,Not Applicable (Not Transported),88,Not Applicable (Not Transported),1
1,Alabama,10622,0,0,1,1,0,1,1,21,CHILTON (21),0,NOT APPLICABLE,9,September,10,10,7,Saturday,2022,16,4:00pm-4:59pm,10,10,CR-42,NA,4,County Road,1,Rural,5,Major Collector,2,County Highway Agency,0,This section IS NOT on the NHS,0,No Special Jurisdiction,0,None,32.98464722,32.98464722,-86.66865833,-86.66865833,1,Rollover/Overturn,0,The First Harmful Event was Not a Collision with a Motor Vehicle in Transport,0,No,1,Non-Junction,1,Not an Intersection,4,On Roadside,0,None,1,Daylight,10,Cloudy,0,No,0000000,Not Applicable,16,4:00pm-4:59pm,10,10,16,4:00pm-4:59pm,23,23,88,Not Applicable (Not Transported),88,Not Applicable (Not Transported),1
1,Alabama,10623,1,1,1,1,0,1,1,101,MONTGOMERY (101),2130,MONTGOMERY,9,September,10,10,7,Saturday,2022,21,9:00pm-9:59pm,37,37,E SOUTH BLVD,NA,6,Local Street - Municipality,2,Urban,3,Principal Arterial - Other,1,State Highway Agency,1,This section IS ON the NHS,0,No Special Jurisdiction,0,None,32.32723056,32.32723056,-86.25878889,-86.25878889,8,Pedestrian,0,The First Harmful Event was Not a Collision with a Motor Vehicle in Transport,0,No,1,Non-Junction,1,Not an Intersection,1,On Roadway,0,None,3,Dark - Lighted,1,Clear,0,No,0000000,Not Applicable,21,9:00pm-9:59pm,37,37,21,9:00pm-9:59pm,43,43,88,Not Applicable (Not Transported),88,Not Applicable (Not Transported),1
1,Alabama,10624,0,0,1,1,0,1,1,87,MACON (87),3070,TUSKEGEE,9,September,11,11,1,Sunday,2022,7,7:00am-7:59am,0,0,SR-8,NA,3,State Highway,2,Urban,4,Minor Arterial,1,State Highway Agency,0,This section IS NOT on the NHS,0,No Special Jurisdiction,1740,1740,32.42904444,32.42904444,-85.6802,-85.6802,35,Embankment,0,The First Harmful Event was Not a Collision with a Motor Vehicle in Transport,0,No,1,Non-Junction,1,Not an Intersection,4,On Roadside,0,None,1,Daylight,2,Rain,0,No,0000000,Not Applicable,7,7:00am-7:59am,6,6,7,7:00am-7:59am,52,52,8,8:00am-8:59am,35,35,1
1,Alabama,10625,0,0,2,2,0,4,4,97,MOBILE (97),2100,MOBILE,9,September,11,11,1,Sunday,2022,1,1:00am-1:59am,23,23,I-65 SERVICE RD,NA,7,Local Street - Frontage Road,2,Urban,5,Major Collector,1,State Highway Agency,0,This section IS NOT on the NHS,0,No Special Jurisdiction,80,80,30.73423889,30.73423889,-88.11669444,-88.11669444,12,Motor Vehicle In-Transport,2,Front-to-Front,0,No,1,Non-Junction,1,Not an Intersection,1,On Roadway,0,None,2,Dark - Not Lighted,1,Clear,0,No,0000000,Not Applicable,1,1:00am-1:59am,27,27,1,1:00am-1:59am,45,45,2,2:00am-2:59am,15,15,2
1,Alabama,10626,0,0,1,1,0,2,2,73,JEFFERSON (73),350,BIRMINGHAM,9,September,11,11,1,Sunday,2022,19,7:00pm-7:59pm,30,30,WILSON RD,NA,6,Local Street - Municipality,2,Urban,5,Major Collector,4,City or Municipal Highway Agency,0,This section IS NOT on the NHS,0,No Special Jurisdiction,0,None,33.453025,33.453025,-86.88505278,-86.88505278,1,Rollover/Overturn,0,The First Harmful Event was Not a Collision with a Motor Vehicle in Transport,0,No,1,Non-Junction,1,Not an Intersection,1,On Roadway,0,None,3,Dark - Lighted,2,Rain,0,No,0000000,Not Applicable,19,7:00pm-7:59pm,30,30,19,7:00pm-7:59pm,39,39,99,Unknown,99,Unknown EMS Hospital Arrival Time,1
1,Alabama,10627,0,0,2,2,0,3,3,9,BLOUNT (9),715,CLEVELAND,9,September,11,11,1,Sunday,2022,14,2:00pm-2:59pm,22,22,CR-SWANN BRIDGE RD,TUSCALOOSA PIKE,4,County Road,1,Rural,7,Local,2,County Highway Agency,0,This section IS NOT on the NHS,0,No Special Jurisdiction,0,None,33.99470556,33.99470556,-86.58227222,-86.58227222,12,Motor Vehicle In-Transport,6,Angle,0,No,2,Intersection,2,Four-Way Intersection,1,On Roadway,0,None,1,Daylight,1,Clear,0,No,0000000,Not Applicable,14,2:00pm-2:59pm,22,22,14,2:00pm-2:59pm,50,50,99,Unknown,99,Unknown EMS Hospital Arrival Time,1
1,Alabama,10628,0,0,2,2,0,2,2,101,MONTGOMERY (101),2130,MONTGOMERY,9,September,12,12,2,Monday,2022,11,11:00am-11:59am,6,6,I-85,NA,1,Interstate,2,Urban,1,Interstate,1,State Highway Agency,1,This section IS ON the NHS,0,No Special Jurisdiction,4,4,32.35898889,32.35898889,-86.24758889,-86.24758889,12,Motor Vehicle In-Transport,1,Front-to-Rear,0,No,1,Non-Junction,1,Not an Intersection,1,On Roadway,0,None,1,Daylight,1,Clear,0,No,0000000,Not Applicable,11,11:00am-11:59am,7,7,11,11:00am-11:59am,16,16,88,Not Applicable (Not Transported),88,Not Applicable (Not Transported),1
1,Alabama,10629,0,0,1,1,0,2,2,123,TALLAPOOSA (123),0,NOT APPLICABLE,9,September,13,13,3,Tuesday,2022,12,12:00pm-12:59pm,0,0,CR-DUDLEYVILLE RD,NA,4,County Road,1,Rural,5,Major Collector,2,County Highway Agency,0,This section IS NOT on the NHS,0,No Special Jurisdiction,0,None,32.91053611,32.91053611,-85.67387778,-85.67387778,35,Embankment,0,The First Harmful Event was Not a Collision with a Motor Vehicle in Transport,0,No,1,Non-Junction,1,Not an Intersection,4,On Roadside,0,None,1,Daylight,1,Clear,0,No,0000000,Not Applicable,12,12:00pm-12:59pm,21,21,12,12:00pm-12:59pm,31,31,13,1:00pm-1:59pm,40,40,2
1,Alabama,10630,0,0,1,1,0,2,2,13,BUTLER (13),0,NOT APPLICABLE,9,September,14,14,4,Wednesday,2022,16,4:00pm-4:59pm,15,15,I-65,NA,1,Interstate,1,Rural,1,Interstate,1,State Highway Agency,1,This section IS ON the NHS,0,No Special Jurisdiction,1147,1147,31.65696111,31.65696111,-86.7689,-86.7689,23,Bridge Rail (Includes parapet),0,The First Harmful Event was Not a Collision with a Motor Vehicle in Transport,0,No,1,Non-Junction,1,Not an Intersection,3,On Median,0,None,1,Daylight,1,Clear,0,No,0000000,Not Applicable,16,4:00pm-4:59pm,27,27,16,4:00pm-4:59pm,34,34,99,Unknown,99,Unknown EMS Hospital Arrival Time,1
1,Alabama,10631,0,0,1,1,0,1,1,73,JEFFERSON (73),330,BESSEMER,9,September,15,15,5,Thursday,2022,23,11:00pm-11:59pm,50,50,SR-5,NA,3,State Highway,2,Urban,3,Principal Arterial - Other,1,State Highway Agency,1,This section IS ON the NHS,0,No Special Jurisdiction,1130,1130,33.42729722,33.42729722,-86.944125,-86.944125,5,Fell/Jumped from Vehicle,0,The First Harmful Event was Not a Collision with a Motor Vehicle in Transport,0,No,1,Non-Junction,1,Not an Intersection,1,On Roadway,0,None,3,Dark - Lighted,1,Clear,0,No,0000000,Not Applicable,23,11:00pm-11:59pm,50,50,23,11:00pm-11:59pm,57,57,88,Not Applicable (Not Transported),88,Not Applicable (Not Transported),1
1,Alabama,10632,0,0,1,1,0,1,1,19,CHEROKEE (19),0,NOT APPLICABLE,9,September,15,15,5,Thursday,2022,6,6:00am-6:59am,35,35,CR-115,NA,4,County Road,1,Rural,7,Local,2,County Highway Agency,0,This section IS NOT on the NHS,0,No Special Jurisdiction,0,None,34.23611667,34.23611667,-85.50982778,-85.50982778,32,Culvert,0,The First Harmful Event was Not a Collision with a Motor Vehicle in Transport,0,No,1,Non-Junction,1,Not an Intersection,4,On Roadside,0,None,1,Daylight,1,Clear,0,No,0000000,Not Applicable,6,6:00am-6:59am,35,35,6,6:00am-6:59am,53,53,88,Not Applicable (Not Transported),88,Not Applicable (Not Transported),1
1,Alabama,10633,0,0,1,1,0,2,2,109,PIKE (109),0,NOT APPLICABLE,9,September,15,15,5,Thursday,2022,21,9:00pm-9:59pm,0,0,CR-3339,NA,4,County Road,1,Rural,6,Minor Collector,2,County Highway Agency,0,This section IS NOT on the NHS,0,No Special Jurisdiction,0,None,31.66619722,31.66619722,-85.93745278,-85.93745278,38,Fence,0,The First Harmful Event was Not a Collision with a Motor Vehicle in Transport,0,No,1,Non-Junction,1,Not an Intersection,4,On Roadside,0,None,2,Dark - Not Lighted,1,Clear,0,No,0000000,Not Applicable,21,9:00pm-9:59pm,4,4,21,9:00pm-9:59pm,26,26,88,Not Applicable (Not Transported),88,Not Applicable (Not Transported),2
1,Alabama,10634,0,0,2,2,0,2,2,81,LEE (81),0,NOT APPLICABLE,9,September,16,16,6,Friday,2022,6,6:00am-6:59am,48,48,CR-146,NA,4,County Road,1,Rural,4,Minor Arterial,2,County Highway Agency,0,This section IS NOT on the NHS,0,No Special Jurisdiction,0,None,32.56704444,32.56704444,-85.37866111,-85.37866111,12,Motor Vehicle In-Transport,8,Sideswipe - Opposite Direction,0,No,1,Non-Junction,1,Not an Intersection,1,On Roadway,0,None,4,Dawn,1,Clear,0,No,0000000,Not Applicable,6,6:00am-6:59am,52,52,7,7:00am-7:59am,7,7,88,Not Applicable (Not Transported),88,Not Applicable (Not Transported),1
1,Alabama,10635,0,0,2,2,0,5,5,113,RUSSELL (113),0,NOT APPLICABLE,9,September,16,16,6,Friday,2022,18,6:00pm-6:59pm,1,1,SR-26,US-431,3,State Highway,1,Rural,4,Minor Arterial,1,State Highway Agency,0,This section IS NOT on the NHS,0,No Special Jurisdiction,146,146,32.29931111,32.29931111,-85.18003056,-85.18003056,12,Motor Vehicle In-Transport,6,Angle,0,No,2,Intersection,2,Four-Way Intersection,1,On Roadway,0,None,1,Daylight,1,Clear,0,No,0000000,Not Applicable,18,6:00pm-6:59pm,2,2,18,6:00pm-6:59pm,14,14,18,6:00pm-6:59pm,48,48,1
1,Alabama,10636,1,1,1,1,0,2,2,69,HOUSTON (69),930,DOTHAN,9,September,17,17,7,Saturday,2022,20,8:00pm-8:59pm,15,15,SIXTH AVE,NA,6,Local Street - Municipality,2,Urban,5,Major Collector,4,City or Municipal Highway Agency,0,This section IS NOT on the NHS,0,No Special Jurisdiction,0,None,31.2169,31.2169,-85.37471944,-85.37471944,9,Pedalcyclist,0,The First Harmful Event was Not a Collision with a Motor Vehicle in Transport,0,No,1,Non-Junction,1,Not an Intersection,1,On Roadway,0,None,3,Dark - Lighted,1,Clear,0,No,0000000,Not Applicable,20,8:00pm-8:59pm,17,17,20,8:00pm-8:59pm,27,27,20,8:00pm-8:59pm,31,31,1
1,Alabama,10637,0,0,1,1,0,2,2,83,LIMESTONE (83),0,NOT APPLICABLE,9,September,17,17,7,Saturday,2022,14,2:00pm-2:59pm,50,50,CR-HARVEST RD,NA,4,County Road,2,Urban,5,Major Collector,4,City or Municipal Highway Agency,0,This section IS NOT on the NHS,0,No Special Jurisdiction,0,None,34.86104167,34.86104167,-86.85308889,-86.85308889,42,Tree (Standing Only),0,The First Harmful Event was Not a Collision with a Motor Vehicle in Transport,0,No,1,Non-Junction,1,Not an Intersection,4,On Roadside,0,None,1,Daylight,1,Clear,0,No,0000000,Not Applicable,14,2:00pm-2:59pm,50,50,15,3:00pm-3:59pm,3,3,99,Unknown,99,Unknown EMS Hospital Arrival Time,1
1,Alabama,10638,0,0,3,3,0,4,4,1,AUTAUGA (1),2540,PRATTVILLE,9,September,17,17,7,Saturday,2022,19,7:00pm-7:59pm,55,55,SR-14,CR-29,3,State Highway,2,Urban,4,Minor Arterial,1,State Highway Agency,0,This section IS NOT on the NHS,0,No Special Jurisdiction,1487,1487,32.43073333,32.43073333,-86.50791944,-86.50791944,12,Motor Vehicle In-Transport,2,Front-to-Front,0,No,2,Intersection,3,T-Intersection,1,On Roadway,0,None,3,Dark - Lighted,1,Clear,0,No,0000000,Not Applicable,99,Unknown,99,Unknown,20,8:00pm-8:59pm,7,7,99,Unknown,99,Unknown EMS Hospital Arrival Time,1
1,Alabama,10639,0,0,1,1,0,1,1,89,MADISON (89),1730,HUNTSVILLE,9,September,17,17,7,Saturday,2022,22,10:00pm-10:59pm,25,25,BOEING BLVD SW,NA,6,Local Street - Municipality,2,Urban,4,Minor Arterial,4,City or Municipal Highway Agency,0,This section IS NOT on the NHS,0,No Special Jurisdiction,0,None,34.62295833,34.62295833,-86.76604444,-86.76604444,26,Other Traffic Barrier,0,The First Harmful Event was Not a Collision with a Motor Vehicle in Transport,0,No,1,Non-Junction,1,Not an Intersection,4,On Roadside,1,Construction,2,Dark - Not Lighted,1,Clear,0,No,0000000,Not Applicable,22,10:00pm-10:59pm,21,21,22,10:00pm-10:59pm,55,55,88,Not Applicable (Not Transported),88,Not Applicable (Not Transported),1
1,Alabama,10640,0,0,2,2,0,3,3,49,DEKALB (49),2564,RAINSVILLE,9,September,17,17,7,Saturday,2022,9,9:00am-9:59am,13,13,CARLYLE RD,NA,6,Local Street - Municipality,1,Rural,6,Minor Collector,4,City or Municipal Highway Agency,0,This section IS NOT on the NHS,0,No Special Jurisdiction,0,None,34.52847778,34.52847778,-85.82965,-85.82965,12,Motor Vehicle In-Transport,2,Front-to-Front,0,No,1,Non-Junction,1,Not an Intersection,1,On Roadway,0,None,1,Daylight,1,Clear,0,No,0000000,Not Applicable,9,9:00am-9:59am,16,16,9,9:00am-9:59am,24,24,10,10:00am-10:59am,18,18,1
1,Alabama,10641,0,0,4,4,0,4,4,117,SHELBY (117),2405,PELHAM,9,September,18,18,1,Sunday,2022,1,1:00am-1:59am,39,39,I-65,NA,1,Interstate,2,Urban,1,Interstate,1,State Highway Agency,1,This section IS ON the NHS,0,No Special Jurisdiction,2426,2426,33.29223889,33.29223889,-86.79790556,-86.79790556,12,Motor Vehicle In-Transport,1,Front-to-Rear,0,No,1,Non-Junction,1,Not an Intersection,1,On Roadway,0,None,2,Dark - Not Lighted,1,Clear,0,No,0000000,Not Applicable,1,1:00am-1:59am,39,39,1,1:00am-1:59am,49,49,88,Not Applicable (Not Transported),88,Not Applicable (Not Transported),1
1,Alabama,10642,0,0,1,1,0,1,1,29,CLEBURNE (29),0,NOT APPLICABLE,9,September,18,18,1,Sunday,2022,8,8:00am-8:59am,50,50,I-20,NA,1,Interstate,1,Rural,1,Interstate,1,State Highway Agency,1,This section IS ON the NHS,0,No Special Jurisdiction,1952,1952,33.61674167,33.61674167,-85.66618056,-85.66618056,35,Embankment,0,The First Harmful Event was Not a Collision with a Motor Vehicle in Transport,0,No,1,Non-Junction,1,Not an Intersection,4,On Roadside,0,None,1,Daylight,1,Clear,0,No,0000000,Not Applicable,8,8:00am-8:59am,50,50,8,8:00am-8:59am,55,55,88,Not Applicable (Not Transported),88,Not Applicable (Not Transported),1
1,Alabama,10643,0,0,4,1,3,1,1,73,JEFFERSON (73),350,BIRMINGHAM,9,September,18,18,1,Sunday,2022,15,3:00pm-3:59pm,17,17,35TH AVE N,NA,6,Local Street - Municipality,2,Urban,7,Local,4,City or Municipal Highway Agency,0,This section IS NOT on the NHS,0,No Special Jurisdiction,0,None,33.55612778,33.55612778,-86.82187778,-86.82187778,14,Parked Motor Vehicle,0,The First Harmful Event was Not a Collision with a Motor Vehicle in Transport,0,No,1,Non-Junction,1,Not an Intersection,7,In Parking Lane/Zone,0,None,1,Daylight,1,Clear,0,No,0000000,Not Applicable,15,3:00pm-3:59pm,18,18,15,3:00pm-3:59pm,23,23,15,3:00pm-3:59pm,50,50,1
1,Alabama,10644,1,1,1,1,0,1,1,3,BALDWIN (3),0,NOT APPLICABLE,9,September,18,18,1,Sunday,2022,5,5:00am-5:59am,28,28,CR-12,NA,4,County Road,2,Urban,5,Major Collector,2,County Highway Agency,0,This section IS NOT on the NHS,0,No Special Jurisdiction,0,None,30.35564722,30.35564722,-87.69358889,-87.69358889,8,Pedestrian,0,The First Harmful Event was Not a Collision with a Motor Vehicle in Transport,0,No,1,Non-Junction,1,Not an Intersection,4,On Roadside,0,None,4,Dawn,1,Clear,0,No,0000000,Not Applicable,5,5:00am-5:59am,52,52,5,5:00am-5:59am,55,55,88,Not Applicable (Not Transported),88,Not Applicable (Not Transported),1
1,Alabama,10645,0,0,1,1,0,1,1,121,TALLADEGA (121),0,NOT APPLICABLE,9,September,18,18,1,Sunday,2022,16,4:00pm-4:59pm,14,14,CR-JENIFER RD,NA,4,County Road,1,Rural,4,Minor Arterial,2,County Highway Agency,0,This section IS NOT on the NHS,0,No Special Jurisdiction,0,None,33.54480278,33.54480278,-85.94410556,-85.94410556,53,Mail Box,0,The First Harmful Event was Not a Collision with a Motor Vehicle in Transport,0,No,1,Non-Junction,1,Not an Intersection,4,On Roadside,0,None,1,Daylight,1,Clear,0,No,0000000,Not Applicable,16,4:00pm-4:59pm,14,14,16,4:00pm-4:59pm,30,30,88,Not Applicable (Not Transported),88,Not Applicable (Not Transported),1
1,Alabama,10646,1,1,1,1,0,1,1,69,HOUSTON (69),930,DOTHAN,9,September,19,19,2,Monday,2022,23,11:00pm-11:59pm,11,11,SR-210,KINSEY RD,3,State Highway,2,Urban,3,Principal Arterial - Other,1,State Highway Agency,1,This section IS ON the NHS,0,No Special Jurisdiction,0,None,31.24835,31.24835,-85.37753889,-85.37753889,8,Pedestrian,0,The First Harmful Event was Not a Collision with a Motor Vehicle in Transport,0,No,3,Intersection-Related,2,Four-Way Intersection,1,On Roadway,0,None,3,Dark - Lighted,1,Clear,0,No,0000000,Not Applicable,23,11:00pm-11:59pm,14,14,23,11:00pm-11:59pm,19,19,88,Not Applicable (Not Transported),88,Not Applicable (Not Transported),1
1,Alabama,10647,0,0,1,1,0,1,1,11,BULLOCK (11),0,NOT APPLICABLE,9,September,19,19,2,Monday,2022,2,2:00am-2:59am,40,40,SR-110,NA,3,State Highway,1,Rural,4,Minor Arterial,1,State Highway Agency,0,This section IS NOT on the NHS,0,No Special Jurisdiction,207,207,32.21637222,32.21637222,-85.91698056,-85.91698056,38,Fence,0,The First Harmful Event was Not a Collision with a Motor Vehicle in Transport,0,No,1,Non-Junction,1,Not an Intersection,4,On Roadside,0,None,2,Dark - Not Lighted,1,Clear,0,No,0000000,Not Applicable,2,2:00am-2:59am,47,47,2,2:00am-2:59am,48,48,88,Not Applicable (Not Transported),88,Not Applicable (Not Transported),1
1,Alabama,10648,0,0,2,2,0,2,2,73,JEFFERSON (73),0,NOT APPLICABLE,9,September,19,19,2,Monday,2022,16,4:00pm-4:59pm,21,21,SR-5,GLASCOW HOLLOW RD,3,State Highway,2,Urban,5,Major Collector,1,State Highway Agency,0,This section IS NOT on the NHS,0,No Special Jurisdiction,0,None,33.60761944,33.60761944,-86.95818056,-86.95818056,12,Motor Vehicle In-Transport,6,Angle,0,No,2,Intersection,2,Four-Way Intersection,1,On Roadway,0,None,1,Daylight,1,Clear,0,No,0000000,Not Applicable,16,4:00pm-4:59pm,21,21,16,4:00pm-4:59pm,25,25,88,Not Applicable (Not Transported),88,Not Applicable (Not Transported),1
1,Alabama,10649,0,0,1,1,0,1,1,127,WALKER (127),0,NOT APPLICABLE,9,September,20,20,3,Tuesday,2022,14,2:00pm-2:59pm,10,10,SR-69,NA,3,State Highway,1,Rural,4,Minor Arterial,1,State Highway Agency,0,This section IS NOT on the NHS,0,No Special Jurisdiction,2136,2136,33.89483611,33.89483611,-87.15627222,-87.15627222,42,Tree (Standing Only),0,The First Harmful Event was Not a Collision with a Motor Vehicle in Transport,0,No,1,Non-Junction,1,Not an Intersection,4,On Roadside,0,None,1,Daylight,1,Clear,0,No,0000000,Not Applicable,14,2:00pm-2:59pm,10,10,14,2:00pm-2:59pm,27,27,88,Not Applicable (Not Transported),88,Not Applicable (Not Transported),1
1,Alabama,10650,0,0,3,3,0,3,3,73,JEFFERSON (73),350,BIRMINGHAM,9,September,20,20,3,Tuesday,2022,17,5:00pm-5:59pm,30,30,FINLEY BLVD,3RD PLACE W,6,Local Street - Municipality,2,Urban,4,Minor Arterial,4,City or Municipal Highway Agency,0,This section IS NOT on the NHS,0,No Special Jurisdiction,0,None,33.53376111,33.53376111,-86.84177222,-86.84177222,12,Motor Vehicle In-Transport,6,Angle,0,No,2,Intersection,2,Four-Way Intersection,1,On Roadway,0,None,1,Daylight,1,Clear,0,No,0000000,Not Applicable,17,5:00pm-5:59pm,34,34,17,5:00pm-5:59pm,41,41,18,6:00pm-6:59pm,2,2,1