STATE,STATENAME,ST_CASE,PEDS,PERNOTMVIT,VE_TOTAL,VE_FORMS,PVH_INVL,PERSONS,PERMVIT,COUNTY,COUNTYNAME,CITY,CITYNAME,MONTH,MONTHNAME,DAY,DAYNAME,DAY_WEEK,DAY_WEEKNAME,YEAR,HOUR,HOURNAME,MINUTE,MINUTENAME,TWAY_ID,TWAY_ID2,ROUTE,ROUTENAME,RUR_URB,RUR_URBNAME,FUNC_SYS,FUNC_SYSNAME,RD_OWNER,RD_OWNERNAME,NHS,NHSNAME,SP_JUR,SP_JURNAME,MILEPT,MILEPTNAME,LATITUDE,LATITUDENAME,LONGITUD,LONGITUDNAME,HARM_EV,HARM_EVNAME,MAN_COLL,MAN_COLLNAME,RELJCT1,RELJCT1NAME,RELJCT2,RELJCT2NAME,TYP_INT,TYP_INTNAME,REL_ROAD,REL_ROADNAME,WRK_ZONE,WRK_ZONENAME,LGT_COND,LGT_CONDNAME,WEATHER,WEATHERNAME,SCH_BUS,SCH_BUSNAME,RAIL,RAILNAME,NOT_HOUR,NOT_HOURNAME,NOT_MIN,NOT_MINNAME,ARR_HOUR,ARR_HOURNAME,ARR_MIN,ARR_MINNAME,HOSP_HR,HOSP_HRNAME,HOSP_MN,HOSP_MNNAME,FATALS
1,Alabama,10651,0,0,2,2,0,2,2,113,RUSSELL (113),0,NOT APPLICABLE,9,September,20,20,3,Tuesday,2022,17,5:00pm-5:59pm,5,5,SR-165,NA,3,State Highway,1,Rural,5,Major Collector,1,State Highway Agency,0,This section IS NOT on the NHS,0,No Special Jurisdiction,204,204,32.25594167,32.25594167,-85.00145,-85.00145,12,Motor Vehicle In-Transport,8,Sideswipe - Opposite Direction,0,No,1,Non-Junction,1,Not an Intersection,1,On Roadway,0,None,1,Daylight,1,Clear,0,No,0000000,Not Applicable,17,5:00pm-5:59pm,10,10,17,5:00pm-5:59pm,30,30,88,Not Applicable (Not Transported),88,Not Applicable (Not Transported),1
1,Alabama,10652,0,0,1,1,0,1,1,31,COFFEE (31),1010,ELBA,9,September,21,21,4,Wednesday,2022,11,11:00am-11:59am,0,0,US-84 SR-12,NA,2,US Highway,1,Rural,3,Principal Arterial - Other,1,State Highway Agency,1,This section IS ON the NHS,0,No Special Jurisdiction,1610,1610,31.4148,31.4148,-86.11076389,-86.11076389,5,Fell/Jumped from Vehicle,0,The First Harmful Event was Not a Collision with a Motor Vehicle in Transport,0,No,1,Non-Junction,1,Not an Intersection,4,On Roadside,0,None,1,Daylight,1,Clear,0,No,0000000,Not Applicable,11,11:00am-11:59am,0,0,11,11:00am-11:59am,7,7,88,Not Applicable (Not Transported),88,Not Applicable (Not Transported),1
1,Alabama,10653,0,0,2,2,0,3,3,73,JEFFERSON (73),0,NOT APPLICABLE,9,September,21,21,4,Wednesday,2022,99,Unknown Hours,99,Unknown Minutes,CR-CORNER SCHOOL RD,NA,4,County Road,1,Rural,5,Major Collector,2,County Highway Agency,0,This section IS NOT on the NHS,0,No Special Jurisdiction,0,None,33.76783056,33.76783056,-86.93537222,-86.93537222,12,Motor Vehicle In-Transport,2,Front-to-Front,0,No,1,Non-Junction,1,Not an Intersection,1,On Roadway,0,None,1,Daylight,1,Clear,0,No,0000000,Not Applicable,99,Unknown,99,Unknown,18,6:00pm-6:59pm,0,0,99,Unknown,99,Unknown EMS Hospital Arrival Time,2
1,Alabama,10654,0,0,1,1,0,1,1,73,JEFFERSON (73),0,NOT APPLICABLE,9,September,21,21,4,Wednesday,2022,11,11:00am-11:59am,59,59,CR-TOADVINE RD,NA,4,County Road,1,Rural,5,Major Collector,2,County Highway Agency,0,This section IS NOT on the NHS,0,No Special Jurisdiction,0,None,33.49836389,33.49836389,-87.1553,-87.1553,42,Tree (Standing Only),0,The First Harmful Event was Not a Collision with a Motor Vehicle in Transport,0,No,1,Non-Junction,1,Not an Intersection,4,On Roadside,0,None,1,Daylight,1,Clear,0,No,0000000,Not Applicable,11,11:00am-11:59am,59,59,12,12:00pm-12:59pm,12,12,88,Not Applicable (Not Transported),88,Not Applicable (Not Transported),1
1,Alabama,10655,0,0,2,2,0,3,3,117,SHELBY (117),2120,MONTEVALLO,9,September,22,22,5,Thursday,2022,11,11:00am-11:59am,21,21,SR-119,NA,3,State Highway,2,Urban,3,Principal Arterial - Other,1,State Highway Agency,0,This section IS NOT on the NHS,0,No Special Jurisdiction,16,16,33.11411389,33.11411389,-86.85707222,-86.85707222,12,Motor Vehicle In-Transport,2,Front-to-Front,0,No,1,Non-Junction,1,Not an Intersection,1,On Roadway,0,None,1,Daylight,1,Clear,0,No,0000000,Not Applicable,11,11:00am-11:59am,21,21,11,11:00am-11:59am,27,27,12,12:00pm-12:59pm,23,23,1
1,Alabama,10656,1,1,1,1,0,1,1,73,JEFFERSON (73),0,NOT APPLICABLE,9,September,22,22,5,Thursday,2022,14,2:00pm-2:59pm,14,14,CR-LOCK 17 RD,NA,4,County Road,1,Rural,5,Major Collector,2,County Highway Agency,0,This section IS NOT on the NHS,0,No Special Jurisdiction,0,None,33.46785278,33.46785278,-87.095725,-87.095725,8,Pedestrian,0,The First Harmful Event was Not a Collision with a Motor Vehicle in Transport,0,No,1,Non-Junction,1,Not an Intersection,1,On Roadway,0,None,1,Daylight,10,Cloudy,0,No,0000000,Not Applicable,14,2:00pm-2:59pm,14,14,14,2:00pm-2:59pm,20,20,88,Not Applicable (Not Transported),88,Not Applicable (Not Transported),1
1,Alabama,10657,0,0,2,2,0,3,3,85,LOWNDES (85),0,NOT APPLICABLE,9,September,23,23,6,Friday,2022,15,3:00pm-3:59pm,40,40,CR-26,NA,4,County Road,1,Rural,5,Major Collector,2,County Highway Agency,0,This section IS NOT on the NHS,0,No Special Jurisdiction,0,None,32.18500556,32.18500556,-86.56495833,-86.56495833,12,Motor Vehicle In-Transport,2,Front-to-Front,0,No,1,Non-Junction,1,Not an Intersection,1,On Roadway,0,None,1,Daylight,1,Clear,0,No,0000000,Not Applicable,15,3:00pm-3:59pm,45,45,15,3:00pm-3:59pm,47,47,16,4:00pm-4:59pm,24,24,1
1,Alabama,10658,0,0,1,1,0,1,1,73,JEFFERSON (73),350,BIRMINGHAM,9,September,24,24,7,Saturday,2022,18,6:00pm-6:59pm,59,59,21ST PL S,NA,6,Local Street - Municipality,2,Urban,7,Local,4,City or Municipal Highway Agency,0,This section IS NOT on the NHS,0,No Special Jurisdiction,0,None,33.49931389,33.49931389,-86.79253056,-86.79253056,1,Rollover/Overturn,0,The First Harmful Event was Not a Collision with a Motor Vehicle in Transport,0,No,1,Non-Junction,1,Not an Intersection,1,On Roadway,0,None,5,Dusk,1,Clear,0,No,0000000,Not Applicable,99,Unknown,99,Unknown,19,7:00pm-7:59pm,5,5,99,Unknown,99,Unknown EMS Hospital Arrival Time,1
1,Alabama,10659,0,0,1,1,0,3,3,61,GENEVA (61),0,NOT APPLICABLE,9,September,24,24,7,Saturday,2022,3,3:00am-3:59am,10,10,CR-COTTON BOX RD,NA,4,County Road,1,Rural,7,Local,2,County Highway Agency,0,This section IS NOT on the NHS,0,No Special Jurisdiction,0,None,31.07073611,31.07073611,-85.58033889,-85.58033889,34,Ditch,0,The First Harmful Event was Not a Collision with a Motor Vehicle in Transport,0,No,1,Non-Junction,1,Not an Intersection,4,On Roadside,0,None,2,Dark - Not Lighted,1,Clear,0,No,0000000,Not Applicable,3,3:00am-3:59am,10,10,3,3:00am-3:59am,27,27,4,4:00am-4:59am,17,17,1
1,Alabama,10660,0,0,1,1,0,1,1,81,LEE (81),0,NOT APPLICABLE,9,September,24,24,7,Saturday,2022,14,2:00pm-2:59pm,48,48,CR-LEE RD 145,NA,4,County Road,1,Rural,7,Local,2,County Highway Agency,0,This section IS NOT on the NHS,0,No Special Jurisdiction,0,None,32.59012778,32.59012778,-85.21953889,-85.21953889,42,Tree (Standing Only),0,The First Harmful Event was Not a Collision with a Motor Vehicle in Transport,0,No,1,Non-Junction,1,Not an Intersection,4,On Roadside,0,None,1,Daylight,1,Clear,0,No,0000000,Not Applicable,99,Unknown,99,Unknown,15,3:00pm-3:59pm,13,13,88,Not Applicable (Not Transported),88,Not Applicable (Not Transported),1
1,Alabama,10661,0,0,1,1,0,1,1,51,ELMORE (51),0,NOT APPLICABLE,9,September,25,25,1,Sunday,2022,2,2:00am-2:59am,35,35,CR-WILLIAMS RD,NA,4,County Road,1,Rural,5,Major Collector,2,County Highway Agency,0,This section IS NOT on the NHS,0,No Special Jurisdiction,7,7,32.58773056,32.58773056,-86.16096944,-86.16096944,1,Rollover/Overturn,0,The First Harmful Event was Not a Collision with a Motor Vehicle in Transport,0,No,1,Non-Junction,1,Not an Intersection,1,On Roadway,0,None,2,Dark - Not Lighted,1,Clear,0,No,0000000,Not Applicable,2,2:00am-2:59am,35,35,2,2:00am-2:59am,50,50,88,Not Applicable (Not Transported),88,Not Applicable (Not Transported),1
1,Alabama,10662,0,0,2,2,0,2,2,97,MOBILE (97),2100,MOBILE,9,September,25,25,1,Sunday,2022,6,6:00am-6:59am,29,29,SR-193,NA,3,State Highway,2,Urban,3,Principal Arterial - Other,1,State Highway Agency,0,This section IS NOT on the NHS,0,No Special Jurisdiction,209,209,30.53085556,30.53085556,-88.123475,-88.123475,12,Motor Vehicle In-Transport,2,Front-to-Front,0,No,1,Non-Junction,1,Not an Intersection,1,On Roadway,0,None,4,Dawn,1,Clear,0,No,0000000,Not Applicable,6,6:00am-6:59am,29,29,6,6:00am-6:59am,43,43,7,7:00am-7:59am,23,23,1
1,Alabama,10663,0,0,1,1,0,1,1,49,DEKALB (49),0,NOT APPLICABLE,9,September,26,26,2,Monday,2022,4,4:00am-4:59am,44,44,CR-667,NA,4,County Road,1,Rural,7,Local,2,County Highway Agency,0,This section IS NOT on the NHS,0,No Special Jurisdiction,0,None,34.62131389,34.62131389,-85.664825,-85.664825,34,Ditch,0,The First Harmful Event was Not a Collision with a Motor Vehicle in Transport,0,No,1,Non-Junction,1,Not an Intersection,4,On Roadside,0,None,2,Dark - Not Lighted,1,Clear,0,No,0000000,Not Applicable,5,5:00am-5:59am,50,50,6,6:00am-6:59am,37,37,88,Not Applicable (Not Transported),88,Not Applicable (Not Transported),1
1,Alabama,10664,0,0,2,2,0,2,2,97,MOBILE (97),2100,MOBILE,9,September,21,21,4,Wednesday,2022,17,5:00pm-5:59pm,25,25,I-10,NA,1,Interstate,2,Urban,1,Interstate,1,State Highway Agency,1,This section IS ON the NHS,0,No Special Jurisdiction,253,253,30.67826667,30.67826667,-88.04326944,-88.04326944,12,Motor Vehicle In-Transport,1,Front-to-Rear,0,No,1,Non-Junction,1,Not an Intersection,1,On Roadway,0,None,1,Daylight,1,Clear,0,No,0000000,Not Applicable,17,5:00pm-5:59pm,27,27,17,5:00pm-5:59pm,35,35,88,Not Applicable (Not Transported),88,Not Applicable (Not Transported),1
1,Alabama,10665,0,0,2,2,0,3,3,15,CALHOUN (15),2460,PIEDMONT,9,September,26,26,2,Monday,2022,5,5:00am-5:59am,15,15,US-278 SR-74,SR-21,2,US Highway,2,Urban,3,Principal Arterial - Other,1,State Highway Agency,1,This section IS ON the NHS,0,No Special Jurisdiction,1565,1565,33.93281667,33.93281667,-85.62275556,-85.62275556,12,Motor Vehicle In-Transport,6,Angle,0,No,2,Intersection,2,Four-Way Intersection,1,On Roadway,0,None,3,Dark - Lighted,5,"Fog, Smog, Smoke",0,No,0000000,Not Applicable,5,5:00am-5:59am,15,15,5,5:00am-5:59am,19,19,99,Unknown,99,Unknown EMS Hospital Arrival Time,1
1,Alabama,10666,0,0,4,4,0,8,8,125,TUSCALOOSA (125),0,NOT APPLICABLE,9,September,26,26,2,Monday,2022,16,4:00pm-4:59pm,11,11,I-59,NA,1,Interstate,1,Rural,1,Interstate,1,State Highway Agency,1,This section IS ON the NHS,0,No Special Jurisdiction,680,680,33.15106111,33.15106111,-87.60513611,-87.60513611,12,Motor Vehicle In-Transport,1,Front-to-Rear,0,No,1,Non-Junction,1,Not an Intersection,1,On Roadway,4,"Work Zone, Type Unknown",1,Daylight,1,Clear,0,No,0000000,Not Applicable,16,4:00pm-4:59pm,12,12,16,4:00pm-4:59pm,35,35,17,5:00pm-5:59pm,29,29,2
1,Alabama,10667,0,0,1,1,0,1,1,85,LOWNDES (85),0,NOT APPLICABLE,9,September,28,28,4,Wednesday,2022,15,3:00pm-3:59pm,46,46,CR-82,NA,4,County Road,1,Rural,5,Major Collector,2,County Highway Agency,0,This section IS NOT on the NHS,0,No Special Jurisdiction,0,None,31.99523333,31.99523333,-86.46015556,-86.46015556,42,Tree (Standing Only),0,The First Harmful Event was Not a Collision with a Motor Vehicle in Transport,0,No,1,Non-Junction,1,Not an Intersection,4,On Roadside,0,None,1,Daylight,1,Clear,0,No,0000000,Not Applicable,99,Unknown,99,Unknown,16,4:00pm-4:59pm,20,20,88,Not Applicable (Not Transported),88,Not Applicable (Not Transported),1
1,Alabama,10668,1,1,1,1,0,1,1,99,MONROE (99),0,NOT APPLICABLE,9,September,29,29,5,Thursday,2022,4,4:00am-4:59am,30,30,SR-136,NA,3,State Highway,1,Rural,5,Major Collector,1,State Highway Agency,0,This section IS NOT on the NHS,0,No Special Jurisdiction,17,17,31.449375,31.449375,-87.33792222,-87.33792222,8,Pedestrian,0,The First Harmful Event was Not a Collision with a Motor Vehicle in Transport,0,No,1,Non-Junction,1,Not an Intersection,1,On Roadway,0,None,2,Dark - Not Lighted,1,Clear,0,No,0000000,Not Applicable,4,4:00am-4:59am,25,25,4,4:00am-4:59am,31,31,88,Not Applicable (Not Transported),88,Not Applicable (Not Transported),1
1,Alabama,10669,0,0,1,1,0,3,3,9,BLOUNT (9),0,NOT APPLICABLE,9,September,29,29,5,Thursday,2022,17,5:00pm-5:59pm,0,0,CR-NEW HARMONY RD,NA,4,County Road,1,Rural,5,Major Collector,2,County Highway Agency,0,This section IS NOT on the NHS,0,No Special Jurisdiction,0,None,34.23966667,34.23966667,-86.51079167,-86.51079167,34,Ditch,0,The First Harmful Event was Not a Collision with a Motor Vehicle in Transport,0,No,1,Non-Junction,1,Not an Intersection,4,On Roadside,0,None,1,Daylight,1,Clear,0,No,0000000,Not Applicable,17,5:00pm-5:59pm,0,0,17,5:00pm-5:59pm,20,20,88,Not Applicable (Not Transported),88,Not Applicable (Not Transported),1
1,Alabama,10670,0,0,2,2,0,2,2,101,MONTGOMERY (101),2130,MONTGOMERY,9,September,23,23,6,Friday,2022,10,10:00am-10:59am,45,45,I-85,NA,1,Interstate,2,Urban,1,Interstate,1,State Highway Agency,1,This section IS ON the NHS,0,No Special Jurisdiction,90,90,32.36084167,32.36084167,-86.17681111,-86.17681111,12,Motor Vehicle In-Transport,1,Front-to-Rear,0,No,1,Non-Junction,1,Not an Intersection,1,On Roadway,0,None,1,Daylight,1,Clear,0,No,0000000,Not Applicable,10,10:00am-10:59am,45,45,10,10:00am-10:59am,53,53,88,Not Applicable (Not Transported),88,Not Applicable (Not Transported),1
1,Alabama,10671,0,0,2,2,0,2,2,95,MARSHALL (95),0,NOT APPLICABLE,9,September,29,29,5,Thursday,2022,7,7:00am-7:59am,50,50,SR-69,NA,3,State Highway,2,Urban,4,Minor Arterial,1,State Highway Agency,0,This section IS NOT on the NHS,0,No Special Jurisdiction,2755,2755,34.36085278,34.36085278,-86.38269722,-86.38269722,12,Motor Vehicle In-Transport,1,Front-to-Rear,0,No,1,Non-Junction,1,Not an Intersection,1,On Roadway,0,None,1,Daylight,1,Clear,0,No,0000000,Not Applicable,7,7:00am-7:59am,46,46,7,7:00am-7:59am,56,56,88,Not Applicable (Not Transported),88,Not Applicable (Not Transported),1
1,Alabama,10672,0,0,3,3,0,5,5,95,MARSHALL (95),1500,GUNTERSVILLE,9,September,30,30,6,Friday,2022,22,10:00pm-10:59pm,32,32,US-431 SR-1,NA,2,US Highway,2,Urban,3,Principal Arterial - Other,1,State Highway Agency,1,This section IS ON the NHS,0,No Special Jurisdiction,2926,2926,34.32882222,34.32882222,-86.314125,-86.314125,12,Motor Vehicle In-Transport,1,Front-to-Rear,0,No,1,Non-Junction,1,Not an Intersection,1,On Roadway,0,None,3,Dark - Lighted,1,Clear,0,No,0000000,Not Applicable,22,10:00pm-10:59pm,28,28,22,10:00pm-10:59pm,34,34,88,Not Applicable (Not Transported),88,Not Applicable (Not Transported),2
1,Alabama,10673,0,0,1,1,0,1,1,81,LEE (81),0,NOT APPLICABLE,10,October,2,2,1,Sunday,2022,0,0:00am-0:59am,33,33,CR- LEE RD 54,NA,4,County Road,2,Urban,4,Minor Arterial,2,County Highway Agency,0,This section IS NOT on the NHS,0,No Special Jurisdiction,0,None,32.59489167,32.59489167,-85.39936667,-85.39936667,42,Tree (Standing Only),0,The First Harmful Event was Not a Collision with a Motor Vehicle in Transport,0,No,1,Non-Junction,1,Not an Intersection,4,On Roadside,0,None,2,Dark - Not Lighted,1,Clear,0,No,0000000,Not Applicable,0,0:00am-0:59am,36,36,0,0:00am-0:59am,47,47,1,1:00am-1:59am,14,14,1
1,Alabama,10674,1,1,1,1,0,1,1,109,PIKE (109),0,NOT APPLICABLE,10,October,2,2,1,Sunday,2022,21,9:00pm-9:59pm,55,55,US-231 SR-53,CR-3320,2,US Highway,1,Rural,3,Principal Arterial - Other,1,State Highway Agency,1,This section IS ON the NHS,0,No Special Jurisdiction,629,629,31.68036389,31.68036389,-85.82467778,-85.82467778,8,Pedestrian,0,The First Harmful Event was Not a Collision with a Motor Vehicle in Transport,0,No,2,Intersection,3,T-Intersection,1,On Roadway,0,None,2,Dark - Not Lighted,1,Clear,0,No,0000000,Not Applicable,21,9:00pm-9:59pm,57,57,22,10:00pm-10:59pm,12,12,88,Not Applicable (Not Transported),88,Not Applicable (Not Transported),1
1,Alabama,10675,1,1,1,1,0,1,1,73,JEFFERSON (73),350,BIRMINGHAM,9,September,23,23,6,Friday,2022,5,5:00am-5:59am,13,13,UNIVERSITY BLVD,NA,6,Local Street - Municipality,2,Urban,5,Major Collector,4,City or Municipal Highway Agency,0,This section IS NOT on the NHS,0,No Special Jurisdiction,0,None,33.50981389,33.50981389,-86.788175,-86.788175,8,Pedestrian,0,The First Harmful Event was Not a Collision with a Motor Vehicle in Transport,0,No,4,Driveway Access,1,Not an Intersection,1,On Roadway,0,None,2,Dark - Not Lighted,1,Clear,0,No,0000000,Not Applicable,5,5:00am-5:59am,13,13,5,5:00am-5:59am,20,20,88,Not Applicable (Not Transported),88,Not Applicable (Not Transported),1
1,Alabama,10676,0,0,2,2,0,2,2,91,MARENGO (91),0,NOT APPLICABLE,10,October,2,2,1,Sunday,2022,0,0:00am-0:59am,25,25,US-43 SR-13,NA,2,US Highway,1,Rural,3,Principal Arterial - Other,1,State Highway Agency,1,This section IS ON the NHS,0,No Special Jurisdiction,1054,1054,32.10721667,32.10721667,-87.78178333,-87.78178333,12,Motor Vehicle In-Transport,2,Front-to-Front,0,No,1,Non-Junction,1,Not an Intersection,1,On Roadway,0,None,2,Dark - Not Lighted,1,Clear,0,No,0000000,Not Applicable,0,0:00am-0:59am,34,34,0,0:00am-0:59am,36,36,1,1:00am-1:59am,25,25,1
1,Alabama,10677,0,0,2,2,0,2,2,97,MOBILE (97),0,NOT APPLICABLE,10,October,2,2,1,Sunday,2022,16,4:00pm-4:59pm,8,8,US-98 SR-42,NA,2,US Highway,1,Rural,3,Principal Arterial - Other,1,State Highway Agency,1,This section IS ON the NHS,0,No Special Jurisdiction,151,151,30.75509167,30.75509167,-88.21221944,-88.21221944,1,Rollover/Overturn,0,The First Harmful Event was Not a Collision with a Motor Vehicle in Transport,0,No,8,Driveway Access Related,1,Not an Intersection,1,On Roadway,0,None,1,Daylight,1,Clear,0,No,0000000,Not Applicable,16,4:00pm-4:59pm,10,10,16,4:00pm-4:59pm,19,19,17,5:00pm-5:59pm,10,10,1
1,Alabama,10678,0,0,2,2,0,2,2,43,CULLMAN (43),0,NOT APPLICABLE,10,October,3,3,2,Monday,2022,14,2:00pm-2:59pm,30,30,US-278 SR-74,CR-1146,2,US Highway,1,Rural,3,Principal Arterial - Other,1,State Highway Agency,0,This section IS NOT on the NHS,0,No Special Jurisdiction,721,721,34.19461667,34.19461667,-86.94755278,-86.94755278,12,Motor Vehicle In-Transport,6,Angle,0,No,2,Intersection,3,T-Intersection,1,On Roadway,0,None,1,Daylight,1,Clear,0,No,0000000,Not Applicable,14,2:00pm-2:59pm,34,34,14,2:00pm-2:59pm,44,44,88,Not Applicable (Not Transported),88,Not Applicable (Not Transported),1
1,Alabama,10679,0,0,1,1,0,1,1,73,JEFFERSON (73),350,BIRMINGHAM,10,October,3,3,2,Monday,2022,23,11:00pm-11:59pm,37,37,JOHN RODGERS DR,NA,6,Local Street - Municipality,2,Urban,4,Minor Arterial,4,City or Municipal Highway Agency,0,This section IS NOT on the NHS,0,No Special Jurisdiction,0,None,33.56387222,33.56387222,-86.66450278,-86.66450278,35,Embankment,0,The First Harmful Event was Not a Collision with a Motor Vehicle in Transport,0,No,1,Non-Junction,1,Not an Intersection,4,On Roadside,0,None,3,Dark - Lighted,1,Clear,0,No,0000000,Not Applicable,23,11:00pm-11:59pm,37,37,23,11:00pm-11:59pm,45,45,88,Not Applicable (Not Transported),88,Not Applicable (Not Transported),1
1,Alabama,10680,0,0,1,1,0,1,1,83,LIMESTONE (83),0,NOT APPLICABLE,10,October,4,4,3,Tuesday,2022,8,8:00am-8:59am,36,36,US-72 SR-2,NA,2,US Highway,2,Urban,3,Principal Arterial - Other,1,State Highway Agency,1,This section IS ON the NHS,0,No Special Jurisdiction,722,722,34.79111944,34.79111944,-87.01743889,-87.01743889,59,Traffic Sign Support,0,The First Harmful Event was Not a Collision with a Motor Vehicle in Transport,0,No,1,Non-Junction,1,Not an Intersection,4,On Roadside,0,None,1,Daylight,1,Clear,0,No,0000000,Not Applicable,8,8:00am-8:59am,28,28,8,8:00am-8:59am,31,31,8,8:00am-8:59am,54,54,1
1,Alabama,10681,0,0,1,1,0,1,1,33,COLBERT (33),2780,SHEFFIELD,10,October,4,4,3,Tuesday,2022,13,1:00pm-1:59pm,0,0,COX BLVD,NA,6,Local Street - Municipality,2,Urban,4,Minor Arterial,4,City or Municipal Highway Agency,0,This section IS NOT on the NHS,0,No Special Jurisdiction,0,None,34.74784444,34.74784444,-87.68064722,-87.68064722,42,Tree (Standing Only),0,The First Harmful Event was Not a Collision with a Motor Vehicle in Transport,0,No,1,Non-Junction,1,Not an Intersection,4,On Roadside,0,None,1,Daylight,1,Clear,0,No,0000000,Not Applicable,13,1:00pm-1:59pm,13,13,13,1:00pm-1:59pm,18,18,13,1:00pm-1:59pm,38,38,1
1,Alabama,10682,0,0,1,1,0,2,2,33,COLBERT (33),0,NOT APPLICABLE,10,October,5,5,4,Wednesday,2022,5,5:00am-5:59am,46,46,CR-52,CR-55,4,County Road,1,Rural,4,Minor Arterial,2,County Highway Agency,0,This section IS NOT on the NHS,0,No Special Jurisdiction,0,None,34.686925,34.686925,-87.68744722,-87.68744722,34,Ditch,0,The First Harmful Event was Not a Collision with a Motor Vehicle in Transport,0,No,3,Intersection-Related,3,T-Intersection,4,On Roadside,0,None,2,Dark - Not Lighted,1,Clear,0,No,0000000,Not Applicable,5,5:00am-5:59am,48,48,5,5:00am-5:59am,55,55,6,6:00am-6:59am,33,33,1
1,Alabama,10683,0,0,3,3,0,3,3,115,ST. CLAIR (115),0,NOT APPLICABLE,10,October,5,5,4,Wednesday,2022,4,4:00am-4:59am,10,10,I-59,NA,1,Interstate,1,Rural,1,Interstate,1,State Highway Agency,1,This section IS ON the NHS,0,No Special Jurisdiction,1520,1520,33.74683889,33.74683889,-86.485275,-86.485275,1,Rollover/Overturn,0,The First Harmful Event was Not a Collision with a Motor Vehicle in Transport,0,No,1,Non-Junction,1,Not an Intersection,1,On Roadway,0,None,2,Dark - Not Lighted,1,Clear,0,No,0000000,Not Applicable,4,4:00am-4:59am,8,8,4,4:00am-4:59am,50,50,5,5:00am-5:59am,30,30,1
1,Alabama,10684,0,0,2,2,0,3,3,55,ETOWAH (55),2719,SARDIS CITY,10,October,4,4,3,Tuesday,2022,11,11:00am-11:59am,45,45,US-431 SR-1,SARDIS CUT-OFF RD,2,US Highway,2,Urban,3,Principal Arterial - Other,1,State Highway Agency,1,This section IS ON the NHS,0,No Special Jurisdiction,2780,2780,34.17966667,34.17966667,-86.142925,-86.142925,12,Motor Vehicle In-Transport,6,Angle,0,No,2,Intersection,2,Four-Way Intersection,1,On Roadway,0,None,1,Daylight,1,Clear,0,No,0000000,Not Applicable,11,11:00am-11:59am,45,45,11,11:00am-11:59am,53,53,99,Unknown,99,Unknown EMS Hospital Arrival Time,2
1,Alabama,10685,0,0,6,6,0,7,7,115,ST. CLAIR (115),0,NOT APPLICABLE,10,October,5,5,4,Wednesday,2022,5,5:00am-5:59am,45,45,I-59,NA,1,Interstate,1,Rural,1,Interstate,1,State Highway Agency,1,This section IS ON the NHS,0,No Special Jurisdiction,1546,1546,33.77238889,33.77238889,-86.45203056,-86.45203056,12,Motor Vehicle In-Transport,1,Front-to-Rear,0,No,1,Non-Junction,1,Not an Intersection,1,On Roadway,0,None,2,Dark - Not Lighted,1,Clear,0,No,0000000,Not Applicable,5,5:00am-5:59am,45,45,6,6:00am-6:59am,26,26,7,7:00am-7:59am,5,5,1
1,Alabama,10686,0,0,2,2,0,2,2,101,MONTGOMERY (101),0,NOT APPLICABLE,10,October,5,5,4,Wednesday,2022,5,5:00am-5:59am,30,30,US-31 SR-3,NA,2,US Highway,1,Rural,4,Minor Arterial,1,State Highway Agency,0,This section IS NOT on the NHS,0,No Special Jurisdiction,1720,1720,32.11182778,32.11182778,-86.40149444,-86.40149444,12,Motor Vehicle In-Transport,11,Other,0,No,1,Non-Junction,1,Not an Intersection,1,On Roadway,0,None,2,Dark - Not Lighted,1,Clear,0,No,0000000,Not Applicable,5,5:00am-5:59am,25,25,5,5:00am-5:59am,46,46,88,Not Applicable (Not Transported),88,Not Applicable (Not Transported),1
1,Alabama,10687,1,1,1,1,0,1,1,73,JEFFERSON (73),0,NOT APPLICABLE,10,October,5,5,4,Wednesday,2022,21,9:00pm-9:59pm,52,52,AARON ARONOV DR,NA,6,Local Street - Municipality,2,Urban,4,Minor Arterial,4,City or Municipal Highway Agency,0,This section IS NOT on the NHS,0,No Special Jurisdiction,10,10,33.47221667,33.47221667,-86.92192778,-86.92192778,8,Pedestrian,0,The First Harmful Event was Not a Collision with a Motor Vehicle in Transport,0,No,1,Non-Junction,1,Not an Intersection,1,On Roadway,0,None,2,Dark - Not Lighted,1,Clear,0,No,0000000,Not Applicable,99,Unknown,99,Unknown,22,10:00pm-10:59pm,14,14,88,Not Applicable (Not Transported),88,Not Applicable (Not Transported),1
1,Alabama,10688,0,0,1,1,0,1,1,117,SHELBY (117),47,ALABASTER,10,October,6,6,5,Thursday,2022,21,9:00pm-9:59pm,25,25,CHESTNUT DR,NA,6,Local Street - Municipality,2,Urban,7,Local,4,City or Municipal Highway Agency,0,This section IS NOT on the NHS,0,No Special Jurisdiction,0,None,33.19457222,33.19457222,-86.79859444,-86.79859444,53,Mail Box,0,The First Harmful Event was Not a Collision with a Motor Vehicle in Transport,0,No,1,Non-Junction,1,Not an Intersection,4,On Roadside,0,None,3,Dark - Lighted,1,Clear,0,No,0000000,Not Applicable,21,9:00pm-9:59pm,25,25,21,9:00pm-9:59pm,30,30,88,Not Applicable (Not Transported),88,Not Applicable (Not Transported),1