STATE,STATENAME,ST_CASE,PEDS,PERNOTMVIT,VE_TOTAL,VE_FORMS,PVH_INVL,PERSONS,PERMVIT,COUNTY,COUNTYNAME,CITY,CITYNAME,MONTH,MONTHNAME,DAY,DAYNAME,DAY_WEEK,DAY_WEEKNAME,YEAR,HOUR,HOURNAME,MINUTE,MINUTENAME,TWAY_ID,TWAY_ID2,ROUTE,ROUTENAME,RUR_URB,RUR_URBNAME,FUNC_SYS,FUNC_SYSNAME,RD_OWNER,RD_OWNERNAME,NHS,NHSNAME,SP_JUR,SP_JURNAME,MILEPT,MILEPTNAME,LATITUDE,LATITUDENAME,LONGITUD,LONGITUDNAME,HARM_EV,HARM_EVNAME,MAN_COLL,MAN_COLLNAME,RELJCT1,RELJCT1NAME,RELJCT2,RELJCT2NAME,TYP_INT,TYP_INTNAME,REL_ROAD,REL_ROADNAME,WRK_ZONE,WRK_ZONENAME,LGT_COND,LGT_CONDNAME,WEATHER,WEATHERNAME,SCH_BUS,SCH_BUSNAME,RAIL,RAILNAME,NOT_HOUR,NOT_HOURNAME,NOT_MIN,NOT_MINNAME,ARR_HOUR,ARR_HOURNAME,ARR_MIN,ARR_MINNAME,HOSP_HR,HOSP_HRNAME,HOSP_MN,HOSP_MNNAME,FATALS
1,Alabama,10728,0,0,3,3,0,4,4,115,ST. CLAIR (115),0,NOT APPLICABLE,10,October,17,17,2,Monday,2022,16,4:00pm-4:59pm,38,38,I-59,NA,1,Interstate,1,Rural,1,Interstate,1,State Highway Agency,1,This section IS ON the NHS,0,No Special Jurisdiction,1645,1645,33.84923056,33.84923056,-86.31246111,-86.31246111,12,Motor Vehicle In-Transport,6,Angle,0,No,1,Non-Junction,1,Not an Intersection,1,On Roadway,1,Construction,1,Daylight,1,Clear,0,No,0000000,Not Applicable,16,4:00pm-4:59pm,41,41,16,4:00pm-4:59pm,55,55,18,6:00pm-6:59pm,3,3,1
1,Alabama,10729,0,0,2,2,0,2,2,83,LIMESTONE (83),0,NOT APPLICABLE,10,October,18,18,3,Tuesday,2022,14,2:00pm-2:59pm,15,15,CR-JONES RD,BIRKSHIRE LN,4,County Road,1,Rural,7,Local,2,County Highway Agency,0,This section IS NOT on the NHS,0,No Special Jurisdiction,0,None,34.79841667,34.79841667,-86.85024167,-86.85024167,12,Motor Vehicle In-Transport,6,Angle,0,No,2,Intersection,3,T-Intersection,1,On Roadway,0,None,1,Daylight,1,Clear,0,No,0000000,Not Applicable,14,2:00pm-2:59pm,12,12,14,2:00pm-2:59pm,34,34,88,Not Applicable (Not Transported),88,Not Applicable (Not Transported),1
1,Alabama,10730,0,0,2,2,0,3,3,71,JACKSON (71),0,NOT APPLICABLE,10,October,19,19,4,Wednesday,2022,5,5:00am-5:59am,35,35,CR-33,NA,4,County Road,1,Rural,6,Minor Collector,2,County Highway Agency,0,This section IS NOT on the NHS,0,No Special Jurisdiction,0,None,34.84086944,34.84086944,-86.04066111,-86.04066111,12,Motor Vehicle In-Transport,2,Front-to-Front,0,No,1,Non-Junction,1,Not an Intersection,1,On Roadway,0,None,2,Dark - Not Lighted,1,Clear,0,No,0000000,Not Applicable,6,6:00am-6:59am,0,0,6,6:00am-6:59am,21,21,7,7:00am-7:59am,35,35,1
1,Alabama,10731,0,0,3,3,0,7,7,125,TUSCALOOSA (125),0,NOT APPLICABLE,10,October,19,19,4,Wednesday,2022,15,3:00pm-3:59pm,20,20,SR-216,NA,3,State Highway,1,Rural,5,Major Collector,1,State Highway Agency,0,This section IS NOT on the NHS,0,No Special Jurisdiction,254,254,33.28061389,33.28061389,-87.10646667,-87.10646667,12,Motor Vehicle In-Transport,6,Angle,0,No,8,Driveway Access Related,1,Not an Intersection,1,On Roadway,0,None,1,Daylight,1,Clear,0,No,0000000,Not Applicable,15,3:00pm-3:59pm,20,20,15,3:00pm-3:59pm,40,40,99,Unknown,99,Unknown EMS Hospital Arrival Time,1
1,Alabama,10732,1,1,1,1,0,1,1,101,MONTGOMERY (101),0,NOT APPLICABLE,10,October,19,19,4,Wednesday,2022,0,0:00am-0:59am,43,43,I-65,NA,1,Interstate,1,Rural,1,Interstate,1,State Highway Agency,1,This section IS ON the NHS,0,No Special Jurisdiction,1730,1730,32.39256111,32.39256111,-86.32696389,-86.32696389,8,Pedestrian,0,The First Harmful Event was Not a Collision with a Motor Vehicle in Transport,0,No,1,Non-Junction,1,Not an Intersection,1,On Roadway,0,None,2,Dark - Not Lighted,1,Clear,0,No,0000000,Not Applicable,1,1:00am-1:59am,6,6,1,1:00am-1:59am,18,18,88,Not Applicable (Not Transported),88,Not Applicable (Not Transported),1
1,Alabama,10733,0,0,1,1,0,1,1,73,JEFFERSON (73),1850,LEEDS,10,October,19,19,4,Wednesday,2022,15,3:00pm-3:59pm,8,8,PAMELA ST,MONTEVALLO RD,6,Local Street - Municipality,2,Urban,4,Minor Arterial,1,State Highway Agency,0,This section IS NOT on the NHS,0,No Special Jurisdiction,0,None,33.542325,33.542325,-86.55449167,-86.55449167,42,Tree (Standing Only),0,The First Harmful Event was Not a Collision with a Motor Vehicle in Transport,0,No,3,Intersection-Related,3,T-Intersection,4,On Roadside,0,None,9,Reported as Unknown,1,Clear,0,No,0000000,Not Applicable,14,2:00pm-2:59pm,59,59,15,3:00pm-3:59pm,13,13,88,Not Applicable (Not Transported),88,Not Applicable (Not Transported),1
1,Alabama,10734,0,0,2,2,0,2,2,13,BUTLER (13),1460,GREENVILLE,10,October,20,20,5,Thursday,2022,14,2:00pm-2:59pm,53,53,I-65,NA,1,Interstate,2,Urban,1,Interstate,1,State Highway Agency,1,This section IS ON the NHS,0,No Special Jurisdiction,1300,1300,31.84856111,31.84856111,-86.64366944,-86.64366944,12,Motor Vehicle In-Transport,2,Front-to-Front,0,No,1,Non-Junction,1,Not an Intersection,1,On Roadway,0,None,1,Daylight,1,Clear,0,No,0000000,Not Applicable,15,3:00pm-3:59pm,4,4,15,3:00pm-3:59pm,10,10,15,3:00pm-3:59pm,58,58,1
1,Alabama,10735,0,0,2,2,0,3,3,97,MOBILE (97),0,NOT APPLICABLE,11,November,5,5,7,Saturday,2022,3,3:00am-3:59am,35,35,I-10,NA,1,Interstate,1,Rural,1,Interstate,1,State Highway Agency,1,This section IS ON the NHS,0,No Special Jurisdiction,29,29,30.49210278,30.49210278,-88.35643333,-88.35643333,12,Motor Vehicle In-Transport,1,Front-to-Rear,0,No,1,Non-Junction,1,Not an Intersection,1,On Roadway,0,None,2,Dark - Not Lighted,1,Clear,0,No,0000000,Not Applicable,3,3:00am-3:59am,34,34,3,3:00am-3:59am,56,56,4,4:00am-4:59am,31,31,1
1,Alabama,10736,0,0,2,2,0,3,3,3,BALDWIN (3),0,NOT APPLICABLE,10,October,21,21,6,Friday,2022,18,6:00pm-6:59pm,40,40,SR-225,NA,3,State Highway,1,Rural,5,Major Collector,1,State Highway Agency,0,This section IS NOT on the NHS,0,No Special Jurisdiction,210,210,30.95736111,30.95736111,-87.85733889,-87.85733889,12,Motor Vehicle In-Transport,1,Front-to-Rear,0,No,1,Non-Junction,1,Not an Intersection,1,On Roadway,0,None,2,Dark - Not Lighted,1,Clear,0,No,0000000,Not Applicable,18,6:00pm-6:59pm,45,45,19,7:00pm-7:59pm,0,0,99,Unknown,99,Unknown EMS Hospital Arrival Time,2
1,Alabama,10737,0,0,3,3,0,4,4,3,BALDWIN (3),0,NOT APPLICABLE,10,October,21,21,6,Friday,2022,21,9:00pm-9:59pm,55,55,I-10,NA,1,Interstate,2,Urban,1,Interstate,1,State Highway Agency,1,This section IS ON the NHS,0,No Special Jurisdiction,305,305,30.68693056,30.68693056,-88.00675278,-88.00675278,12,Motor Vehicle In-Transport,7,Sideswipe - Same Direction,0,No,1,Non-Junction,1,Not an Intersection,1,On Roadway,0,None,3,Dark - Lighted,10,Cloudy,0,No,0000000,Not Applicable,21,9:00pm-9:59pm,50,50,22,10:00pm-10:59pm,16,16,23,11:00pm-11:59pm,7,7,1
1,Alabama,10738,0,0,1,1,0,1,1,117,SHELBY (117),0,NOT APPLICABLE,10,October,22,22,7,Saturday,2022,3,3:00am-3:59am,35,35,SR-25,US-231,3,State Highway,1,Rural,4,Minor Arterial,1,State Highway Agency,0,This section IS NOT on the NHS,0,No Special Jurisdiction,1508,1508,33.39121667,33.39121667,-86.40891944,-86.40891944,59,Traffic Sign Support,0,The First Harmful Event was Not a Collision with a Motor Vehicle in Transport,0,No,3,Intersection-Related,3,T-Intersection,4,On Roadside,0,None,2,Dark - Not Lighted,1,Clear,0,No,0000000,Not Applicable,3,3:00am-3:59am,35,35,3,3:00am-3:59am,50,50,88,Not Applicable (Not Transported),88,Not Applicable (Not Transported),1
1,Alabama,10739,0,0,1,1,0,2,2,83,LIMESTONE (83),0,NOT APPLICABLE,10,October,22,22,7,Saturday,2022,1,1:00am-1:59am,50,50,CR-ZEHNER RD,NA,4,County Road,1,Rural,7,Local,2,County Highway Agency,0,This section IS NOT on the NHS,0,No Special Jurisdiction,0,None,34.78496389,34.78496389,-87.07198056,-87.07198056,34,Ditch,0,The First Harmful Event was Not a Collision with a Motor Vehicle in Transport,0,No,1,Non-Junction,1,Not an Intersection,4,On Roadside,0,None,2,Dark - Not Lighted,1,Clear,0,No,0000000,Not Applicable,1,1:00am-1:59am,44,44,2,2:00am-2:59am,7,7,2,2:00am-2:59am,55,55,1
1,Alabama,10740,1,1,1,1,0,1,1,81,LEE (81),2340,OPELIKA,10,October,22,22,7,Saturday,2022,2,2:00am-2:59am,30,30,I-85,NA,1,Interstate,1,Rural,1,Interstate,1,State Highway Agency,1,This section IS ON the NHS,0,No Special Jurisdiction,680,680,32.68672222,32.68672222,-85.32090556,-85.32090556,9,Pedalcyclist,0,The First Harmful Event was Not a Collision with a Motor Vehicle in Transport,0,No,1,Non-Junction,1,Not an Intersection,1,On Roadway,0,None,2,Dark - Not Lighted,1,Clear,0,No,0000000,Not Applicable,2,2:00am-2:59am,38,38,2,2:00am-2:59am,59,59,88,Not Applicable (Not Transported),88,Not Applicable (Not Transported),1
1,Alabama,10741,0,0,1,1,0,1,1,127,WALKER (127),0,NOT APPLICABLE,10,October,22,22,7,Saturday,2022,11,11:00am-11:59am,35,35,CR-SIPSEY RD,NA,4,County Road,1,Rural,5,Major Collector,2,County Highway Agency,0,This section IS NOT on the NHS,0,No Special Jurisdiction,0,None,33.82013889,33.82013889,-87.06531944,-87.06531944,42,Tree (Standing Only),0,The First Harmful Event was Not a Collision with a Motor Vehicle in Transport,0,No,1,Non-Junction,1,Not an Intersection,4,On Roadside,0,None,1,Daylight,1,Clear,0,No,0000000,Not Applicable,11,11:00am-11:59am,39,39,12,12:00pm-12:59pm,24,24,88,Not Applicable (Not Transported),88,Not Applicable (Not Transported),1
1,Alabama,10742,0,0,1,1,0,2,2,35,CONECUH (35),2600,REPTON,10,October,22,22,7,Saturday,2022,14,2:00pm-2:59pm,30,30,CR-OLD STAGE RD,NA,4,County Road,1,Rural,5,Major Collector,2,County Highway Agency,0,This section IS NOT on the NHS,0,No Special Jurisdiction,101,101,31.38001389,31.38001389,-87.31511111,-87.31511111,5,Fell/Jumped from Vehicle,0,The First Harmful Event was Not a Collision with a Motor Vehicle in Transport,0,No,1,Non-Junction,1,Not an Intersection,1,On Roadway,0,None,1,Daylight,1,Clear,0,No,0000000,Not Applicable,99,Unknown,99,Unknown,16,4:00pm-4:59pm,25,25,88,Not Applicable (Not Transported),88,Not Applicable (Not Transported),1
1,Alabama,10743,0,0,1,1,0,2,2,101,MONTGOMERY (101),2130,MONTGOMERY,10,October,23,23,1,Sunday,2022,20,8:00pm-8:59pm,38,38,NORMAN BRIDGE RD,E DELANO AVE,6,Local Street - Municipality,2,Urban,4,Minor Arterial,4,City or Municipal Highway Agency,0,This section IS NOT on the NHS,0,No Special Jurisdiction,0,None,32.33733056,32.33733056,-86.29942778,-86.29942778,1,Rollover/Overturn,0,The First Harmful Event was Not a Collision with a Motor Vehicle in Transport,0,No,3,Intersection-Related,2,Four-Way Intersection,4,On Roadside,0,None,3,Dark - Lighted,1,Clear,0,No,0000000,Not Applicable,20,8:00pm-8:59pm,39,39,20,8:00pm-8:59pm,49,49,21,9:00pm-9:59pm,23,23,1
1,Alabama,10744,0,0,3,3,0,5,5,3,BALDWIN (3),1210,FOLEY,10,October,23,23,1,Sunday,2022,18,6:00pm-6:59pm,30,30,FOLEY BEACH EXPRESS,DOC MCDUFFIE RD,6,Local Street - Municipality,2,Urban,4,Minor Arterial,4,City or Municipal Highway Agency,0,This section IS NOT on the NHS,0,No Special Jurisdiction,0,None,30.38848056,30.38848056,-87.64751111,-87.64751111,12,Motor Vehicle In-Transport,6,Angle,0,No,2,Intersection,2,Four-Way Intersection,1,On Roadway,0,None,5,Dusk,1,Clear,0,No,0000000,Not Applicable,18,6:00pm-6:59pm,30,30,18,6:00pm-6:59pm,34,34,88,Not Applicable (Not Transported),88,Not Applicable (Not Transported),1
1,Alabama,10745,0,1,2,1,1,2,1,73,JEFFERSON (73),350,BIRMINGHAM,9,September,1,1,5,Thursday,2022,7,7:00am-7:59am,33,33,I-59,NA,1,Interstate,2,Urban,1,Interstate,1,State Highway Agency,1,This section IS ON the NHS,0,No Special Jurisdiction,1290,1290,33.54496667,33.54496667,-86.75961944,-86.75961944,14,Parked Motor Vehicle,0,The First Harmful Event was Not a Collision with a Motor Vehicle in Transport,0,No,1,Non-Junction,1,Not an Intersection,4,On Roadside,0,None,1,Daylight,1,Clear,0,No,0000000,Not Applicable,7,7:00am-7:59am,35,35,7,7:00am-7:59am,42,42,8,8:00am-8:59am,1,1,1
1,Alabama,10746,0,0,2,2,0,5,5,21,CHILTON (21),0,NOT APPLICABLE,10,October,23,23,1,Sunday,2022,18,6:00pm-6:59pm,40,40,I-65,NA,1,Interstate,1,Rural,1,Interstate,1,State Highway Agency,1,This section IS ON the NHS,0,No Special Jurisdiction,2038,2038,32.78203889,32.78203889,-86.57175,-86.57175,12,Motor Vehicle In-Transport,7,Sideswipe - Same Direction,0,No,1,Non-Junction,1,Not an Intersection,1,On Roadway,0,None,2,Dark - Not Lighted,1,Clear,0,No,0000000,Not Applicable,18,6:00pm-6:59pm,42,42,19,7:00pm-7:59pm,0,0,19,7:00pm-7:59pm,24,24,1
1,Alabama,10747,0,0,1,1,0,1,1,71,JACKSON (71),0,NOT APPLICABLE,10,October,25,25,3,Tuesday,2022,18,6:00pm-6:59pm,50,50,SR-35,NA,3,State Highway,1,Rural,3,Principal Arterial - Other,1,State Highway Agency,1,This section IS ON the NHS,0,No Special Jurisdiction,434,434,34.59856944,34.59856944,-85.99412222,-85.99412222,35,Embankment,0,The First Harmful Event was Not a Collision with a Motor Vehicle in Transport,0,No,1,Non-Junction,1,Not an Intersection,4,On Roadside,0,None,2,Dark - Not Lighted,10,Cloudy,0,No,0000000,Not Applicable,20,8:00pm-8:59pm,4,4,20,8:00pm-8:59pm,16,16,88,Not Applicable (Not Transported),88,Not Applicable (Not Transported),1
1,Alabama,10748,0,0,1,1,0,2,2,25,CLARKE (25),0,NOT APPLICABLE,10,October,25,25,3,Tuesday,2022,2,2:00am-2:59am,0,0,CR-SALT WORKS RD,NA,4,County Road,1,Rural,7,Local,2,County Highway Agency,0,This section IS NOT on the NHS,0,No Special Jurisdiction,0,None,31.59348611,31.59348611,-87.94263611,-87.94263611,42,Tree (Standing Only),0,The First Harmful Event was Not a Collision with a Motor Vehicle in Transport,0,No,1,Non-Junction,1,Not an Intersection,4,On Roadside,0,None,2,Dark - Not Lighted,1,Clear,0,No,0000000,Not Applicable,2,2:00am-2:59am,8,8,2,2:00am-2:59am,40,40,3,3:00am-3:59am,15,15,1
1,Alabama,10749,0,0,2,2,0,4,4,43,CULLMAN (43),0,NOT APPLICABLE,10,October,26,26,4,Wednesday,2022,13,1:00pm-1:59pm,30,30,SR-157,CR-1194,3,State Highway,1,Rural,3,Principal Arterial - Other,1,State Highway Agency,1,This section IS ON the NHS,0,No Special Jurisdiction,91,91,34.23247222,34.23247222,-86.91781944,-86.91781944,12,Motor Vehicle In-Transport,6,Angle,0,No,2,Intersection,2,Four-Way Intersection,1,On Roadway,0,None,1,Daylight,10,Cloudy,0,No,0000000,Not Applicable,13,1:00pm-1:59pm,30,30,13,1:00pm-1:59pm,44,44,14,2:00pm-2:59pm,16,16,2
1,Alabama,10750,0,0,2,2,0,2,2,49,DEKALB (49),0,NOT APPLICABLE,11,November,1,1,3,Tuesday,2022,15,3:00pm-3:59pm,0,0,CR-51,NA,4,County Road,1,Rural,5,Major Collector,2,County Highway Agency,0,This section IS NOT on the NHS,0,No Special Jurisdiction,0,None,34.32651111,34.32651111,-85.84624722,-85.84624722,12,Motor Vehicle In-Transport,2,Front-to-Front,0,No,1,Non-Junction,1,Not an Intersection,1,On Roadway,0,None,1,Daylight,1,Clear,0,No,0000000,Not Applicable,15,3:00pm-3:59pm,5,5,15,3:00pm-3:59pm,18,18,15,3:00pm-3:59pm,57,57,1
1,Alabama,10751,0,0,2,2,0,3,3,73,JEFFERSON (73),350,BIRMINGHAM,11,November,1,1,3,Tuesday,2022,22,10:00pm-10:59pm,45,45,I-59,NA,1,Interstate,2,Urban,1,Interstate,1,State Highway Agency,1,This section IS ON the NHS,0,No Special Jurisdiction,1260,1260,33.53251389,33.53251389,-86.79869167,-86.79869167,12,Motor Vehicle In-Transport,7,Sideswipe - Same Direction,0,No,1,Non-Junction,1,Not an Intersection,1,On Roadway,0,None,3,Dark - Lighted,1,Clear,0,No,0000000,Not Applicable,99,Unknown,99,Unknown,23,11:00pm-11:59pm,10,10,99,Unknown,99,Unknown EMS Hospital Arrival Time,1
1,Alabama,10752,0,0,2,2,0,2,2,97,MOBILE (97),2100,MOBILE,11,November,1,1,3,Tuesday,2022,10,10:00am-10:59am,33,33,SR-193,NA,3,State Highway,2,Urban,3,Principal Arterial - Other,1,State Highway Agency,1,This section IS ON the NHS,0,No Special Jurisdiction,250,250,30.59077778,30.59077778,-88.14637778,-88.14637778,12,Motor Vehicle In-Transport,6,Angle,0,No,1,Non-Junction,1,Not an Intersection,1,On Roadway,0,None,1,Daylight,1,Clear,0,No,0000000,Not Applicable,10,10:00am-10:59am,34,34,10,10:00am-10:59am,43,43,88,Not Applicable (Not Transported),88,Not Applicable (Not Transported),1
1,Alabama,10753,2,2,1,1,0,1,1,15,CALHOUN (15),1770,JACKSONVILLE,11,November,2,2,4,Wednesday,2022,17,5:00pm-5:59pm,51,51,SR-21,NA,3,State Highway,2,Urban,3,Principal Arterial - Other,1,State Highway Agency,1,This section IS ON the NHS,0,No Special Jurisdiction,2650,2650,33.82735556,33.82735556,-85.76393889,-85.76393889,8,Pedestrian,0,The First Harmful Event was Not a Collision with a Motor Vehicle in Transport,0,No,1,Non-Junction,1,Not an Intersection,1,On Roadway,0,None,5,Dusk,1,Clear,0,No,0000000,Not Applicable,17,5:00pm-5:59pm,51,51,17,5:00pm-5:59pm,56,56,99,Unknown,99,Unknown EMS Hospital Arrival Time,1
1,Alabama,10754,1,1,1,1,0,1,1,97,MOBILE (97),2100,MOBILE,11,November,2,2,4,Wednesday,2022,20,8:00pm-8:59pm,52,52,E I-65 SERVICE RD,NA,6,Local Street - Municipality,2,Urban,5,Major Collector,1,State Highway Agency,0,This section IS NOT on the NHS,0,No Special Jurisdiction,50,50,30.69691944,30.69691944,-88.12493333,-88.12493333,8,Pedestrian,0,The First Harmful Event was Not a Collision with a Motor Vehicle in Transport,0,No,1,Non-Junction,1,Not an Intersection,1,On Roadway,0,None,2,Dark - Not Lighted,1,Clear,0,No,0000000,Not Applicable,20,8:00pm-8:59pm,54,54,21,9:00pm-9:59pm,2,2,88,Not Applicable (Not Transported),88,Not Applicable (Not Transported),1
1,Alabama,10755,0,0,2,2,0,4,4,97,MOBILE (97),0,NOT APPLICABLE,11,November,2,2,4,Wednesday,2022,13,1:00pm-1:59pm,45,45,US-90 SR-16,PADGETT SWITCH RD,2,US Highway,1,Rural,3,Principal Arterial - Other,1,State Highway Agency,1,This section IS ON the NHS,0,No Special Jurisdiction,127,127,30.52534444,30.52534444,-88.20233611,-88.20233611,12,Motor Vehicle In-Transport,2,Front-to-Front,0,No,2,Intersection,3,T-Intersection,1,On Roadway,0,None,1,Daylight,1,Clear,0,No,0000000,Not Applicable,13,1:00pm-1:59pm,56,56,14,2:00pm-2:59pm,5,5,88,Not Applicable (Not Transported),88,Not Applicable (Not Transported),1
1,Alabama,10756,0,0,1,1,0,1,1,69,HOUSTON (69),0,NOT APPLICABLE,11,November,2,2,4,Wednesday,2022,20,8:00pm-8:59pm,25,25,CR-GIN RD,D HODGE RD,4,County Road,1,Rural,7,Local,2,County Highway Agency,0,This section IS NOT on the NHS,0,No Special Jurisdiction,0,None,31.06790833,31.06790833,-85.375275,-85.375275,59,Traffic Sign Support,0,The First Harmful Event was Not a Collision with a Motor Vehicle in Transport,0,No,3,Intersection-Related,3,T-Intersection,4,On Roadside,0,None,2,Dark - Not Lighted,1,Clear,0,No,0000000,Not Applicable,20,8:00pm-8:59pm,35,35,20,8:00pm-8:59pm,48,48,88,Not Applicable (Not Transported),88,Not Applicable (Not Transported),1
1,Alabama,10757,0,0,2,2,0,2,2,79,LAWRENCE (79),0,NOT APPLICABLE,11,November,3,3,5,Thursday,2022,8,8:00am-8:59am,30,30,SR-101,NA,3,State Highway,1,Rural,4,Minor Arterial,1,State Highway Agency,0,This section IS NOT on the NHS,0,No Special Jurisdiction,127,127,34.63736389,34.63736389,-87.40895278,-87.40895278,12,Motor Vehicle In-Transport,2,Front-to-Front,0,No,1,Non-Junction,1,Not an Intersection,1,On Roadway,0,None,1,Daylight,1,Clear,0,No,0000000,Not Applicable,8,8:00am-8:59am,30,30,8,8:00am-8:59am,42,42,88,Not Applicable (Not Transported),88,Not Applicable (Not Transported),1
1,Alabama,10758,0,0,1,1,0,1,1,69,HOUSTON (69),0,NOT APPLICABLE,11,November,3,3,5,Thursday,2022,1,1:00am-1:59am,17,17,CR-MEMPHIS CHURCH RD,EDDINS RD,4,County Road,1,Rural,5,Major Collector,2,County Highway Agency,0,This section IS NOT on the NHS,0,No Special Jurisdiction,0,None,31.14135,31.14135,-85.36668611,-85.36668611,33,Curb,0,The First Harmful Event was Not a Collision with a Motor Vehicle in Transport,0,No,3,Intersection-Related,3,T-Intersection,4,On Roadside,0,None,2,Dark - Not Lighted,1,Clear,0,No,0000000,Not Applicable,1,1:00am-1:59am,17,17,1,1:00am-1:59am,23,23,88,Not Applicable (Not Transported),88,Not Applicable (Not Transported),1
1,Alabama,10759,0,0,2,2,0,3,3,95,MARSHALL (95),0,NOT APPLICABLE,11,November,3,3,5,Thursday,2022,19,7:00pm-7:59pm,45,45,SR-69,NA,3,State Highway,2,Urban,4,Minor Arterial,1,State Highway Agency,0,This section IS NOT on the NHS,0,No Special Jurisdiction,2764,2764,34.36395,34.36395,-86.36803889,-86.36803889,12,Motor Vehicle In-Transport,6,Angle,0,No,1,Non-Junction,1,Not an Intersection,1,On Roadway,0,None,2,Dark - Not Lighted,1,Clear,0,No,0000000,Not Applicable,20,8:00pm-8:59pm,43,43,20,8:00pm-8:59pm,47,47,21,9:00pm-9:59pm,41,41,1
1,Alabama,10760,0,0,2,2,0,3,3,89,MADISON (89),0,NOT APPLICABLE,11,November,4,4,6,Friday,2022,0,0:00am-0:59am,40,40,SR-53,OLD RAILROAD BED RD,3,State Highway,1,Rural,3,Principal Arterial - Other,1,State Highway Agency,1,This section IS ON the NHS,0,No Special Jurisdiction,3319,3319,34.88487778,34.88487778,-86.73913056,-86.73913056,12,Motor Vehicle In-Transport,1,Front-to-Rear,0,No,3,Intersection-Related,2,Four-Way Intersection,1,On Roadway,0,None,3,Dark - Lighted,1,Clear,0,No,0000000,Not Applicable,0,0:00am-0:59am,43,43,0,0:00am-0:59am,53,53,1,1:00am-1:59am,27,27,1
1,Alabama,10761,0,0,2,2,0,2,2,31,COFFEE (31),1030,ENTERPRISE,11,November,4,4,6,Friday,2022,7,7:00am-7:59am,50,50,SR-27,NA,3,State Highway,2,Urban,4,Minor Arterial,1,State Highway Agency,0,This section IS NOT on the NHS,0,No Special Jurisdiction,258,258,31.29248611,31.29248611,-85.86545556,-85.86545556,12,Motor Vehicle In-Transport,6,Angle,0,No,8,Driveway Access Related,1,Not an Intersection,1,On Roadway,0,None,1,Daylight,1,Clear,0,No,0000000,Not Applicable,7,7:00am-7:59am,52,52,7,7:00am-7:59am,57,57,99,Unknown,99,Unknown EMS Hospital Arrival Time,1
1,Alabama,10762,0,0,2,2,0,2,2,125,TUSCALOOSA (125),3050,TUSCALOOSA,11,November,5,5,7,Saturday,2022,4,4:00am-4:59am,30,30,E UNIVERSITY BLVD,NA,6,Local Street - Municipality,2,Urban,4,Minor Arterial,4,City or Municipal Highway Agency,0,This section IS NOT on the NHS,0,No Special Jurisdiction,0,None,33.20650833,33.20650833,-87.497575,-87.497575,12,Motor Vehicle In-Transport,2,Front-to-Front,0,No,1,Non-Junction,1,Not an Intersection,1,On Roadway,0,None,3,Dark - Lighted,2,Rain,0,No,0000000,Not Applicable,4,4:00am-4:59am,35,35,4,4:00am-4:59am,56,56,4,4:00am-4:59am,59,59,1
1,Alabama,10763,0,0,1,1,0,1,1,39,COVINGTON (39),0,NOT APPLICABLE,11,November,5,5,7,Saturday,2022,20,8:00pm-8:59pm,33,33,CR-BELL CROSSING RD,NA,4,County Road,1,Rural,7,Local,2,County Highway Agency,0,This section IS NOT on the NHS,0,No Special Jurisdiction,0,None,31.43884444,31.43884444,-86.23388333,-86.23388333,35,Embankment,0,The First Harmful Event was Not a Collision with a Motor Vehicle in Transport,0,No,1,Non-Junction,1,Not an Intersection,4,On Roadside,0,None,2,Dark - Not Lighted,1,Clear,0,No,0000000,Not Applicable,20,8:00pm-8:59pm,33,33,20,8:00pm-8:59pm,46,46,88,Not Applicable (Not Transported),88,Not Applicable (Not Transported),1
1,Alabama,10764,0,0,1,1,0,1,1,101,MONTGOMERY (101),2130,MONTGOMERY,11,November,5,5,7,Saturday,2022,22,10:00pm-10:59pm,40,40,EAST SOUTH BLVD,NA,6,Local Street - Municipality,2,Urban,3,Principal Arterial - Other,1,State Highway Agency,1,This section IS ON the NHS,0,No Special Jurisdiction,0,None,32.32691111,32.32691111,-86.28249167,-86.28249167,42,Tree (Standing Only),0,The First Harmful Event was Not a Collision with a Motor Vehicle in Transport,0,No,1,Non-Junction,1,Not an Intersection,3,On Median,0,None,3,Dark - Lighted,99,Reported as Unknown,0,No,0000000,Not Applicable,22,10:00pm-10:59pm,40,40,22,10:00pm-10:59pm,43,43,88,Not Applicable (Not Transported),88,Not Applicable (Not Transported),1
1,Alabama,10765,1,1,1,1,0,1,1,33,COLBERT (33),0,NOT APPLICABLE,11,November,5,5,7,Saturday,2022,2,2:00am-2:59am,15,15,SR-184,NA,3,State Highway,1,Rural,4,Minor Arterial,1,State Highway Agency,0,This section IS NOT on the NHS,0,No Special Jurisdiction,66,66,34.75709444,34.75709444,-87.55203889,-87.55203889,8,Pedestrian,0,The First Harmful Event was Not a Collision with a Motor Vehicle in Transport,0,No,1,Non-Junction,1,Not an Intersection,1,On Roadway,0,None,2,Dark - Not Lighted,10,Cloudy,0,No,0000000,Not Applicable,2,2:00am-2:59am,15,15,2,2:00am-2:59am,25,25,88,Not Applicable (Not Transported),88,Not Applicable (Not Transported),1
1,Alabama,10766,0,0,2,2,0,2,2,125,TUSCALOOSA (125),2260,NORTHPORT,11,November,5,5,7,Saturday,2022,2,2:00am-2:59am,6,6,US-43 SR-13,NA,2,US Highway,2,Urban,3,Principal Arterial - Other,1,State Highway Agency,1,This section IS ON the NHS,0,No Special Jurisdiction,0,None,33.20956111,33.20956111,-87.57120556,-87.57120556,12,Motor Vehicle In-Transport,2,Front-to-Front,0,No,1,Non-Junction,1,Not an Intersection,1,On Roadway,0,None,3,Dark - Lighted,1,Clear,0,No,0000000,Not Applicable,2,2:00am-2:59am,8,8,2,2:00am-2:59am,12,12,2,2:00am-2:59am,25,25,1